Collection,Episode / Season,Act,Edition,Codename,Track,Tier,Cosmetic Type,Item,Variant
.EXE,Episode 01: IGNITION,1,Select,Grid,Premium,30,Weapon Skins,Odin,0
.EXE,Episode 01: IGNITION,1,Select,Grid,Premium,35,Weapon Skins,Ghost,0
.EXE,Episode 01: IGNITION,1,Select,Grid,Premium,40,Weapon Skins,Judge,0
.EXE,Episode 01: IGNITION,1,Select,Grid,Premium,45,Weapon Skins,Vandal,0
Couture,Episode 01: IGNITION,1,Select,LadiesInWhite,Premium,10,Weapon Skins,Bulldog,0
Couture,Episode 01: IGNITION,1,Select,LadiesInWhite,Premium,15,Weapon Skins,Stinger,0
Couture,Episode 01: IGNITION,1,Select,LadiesInWhite,Premium,16,Weapon Skins,Frenzy,0
Couture,Episode 01: IGNITION,1,Select,LadiesInWhite,Premium,20,Weapon Skins,Marshal,0
Kingdom,Episode 01: IGNITION,1,Deluxe,Kingdom,Premium,1,Weapon Skins,Bucky,0
Kingdom,Episode 01: IGNITION,1,Deluxe,Kingdom,Premium,5,Weapon Skins,Spectre,0
Kingdom,Episode 01: IGNITION,1,Deluxe,Kingdom,Premium,25,Weapon Skins,Phantom,0
Kingdom,Episode 01: IGNITION,1,Deluxe,Kingdom,Premium,50,Weapon Skins,Melee,0
Kingdom,Episode 01: IGNITION,1,Deluxe,Kingdom,Free,50,Weapon Skins,Classic,0
POLYfox,Episode 01: IGNITION,2,Select,Polyfox,Premium,10,Weapon Skins,Judge,0
POLYfox,Episode 01: IGNITION,2,Select,Polyfox,Premium,11,Accessories,Player Card,0
POLYfox,Episode 01: IGNITION,2,Select,Polyfox,Premium,14,Accessories,Gun Buddy,0
POLYfox,Episode 01: IGNITION,2,Select,Polyfox,Premium,15,Weapon Skins,Bulldog,0
POLYfox,Episode 01: IGNITION,2,Select,Polyfox,Premium,16,Weapon Skins,Sheriff,0
POLYfox,Episode 01: IGNITION,2,Select,Polyfox,Premium,20,Weapon Skins,Guardian,0
Red Alert,Episode 01: IGNITION,2,Select,RedAlert,Premium,30,Weapon Skins,Bucky,0
Red Alert,Episode 01: IGNITION,2,Select,RedAlert,Premium,33,Accessories,Gun Buddy,0
Red Alert,Episode 01: IGNITION,2,Select,RedAlert,Premium,35,Weapon Skins,Stinger,0
Red Alert,Episode 01: IGNITION,2,Select,RedAlert,Premium,40,Weapon Skins,Classic,0
Red Alert,Episode 01: IGNITION,2,Select,RedAlert,Premium,45,Weapon Skins,Operator,0
Hivemind,Episode 01: IGNITION,2,Deluxe,Exo,Premium,1,Weapon Skins,Ares,0
Hivemind,Episode 01: IGNITION,2,Deluxe,Exo,Premium,5,Weapon Skins,Spectre,0
Hivemind,Episode 01: IGNITION,2,Deluxe,Exo,Premium,25,Weapon Skins,Vandal,0
Hivemind,Episode 01: IGNITION,2,Deluxe,Exo,Premium,29,Accessories,Player Card,0
Hivemind,Episode 01: IGNITION,2,Deluxe,Exo,Premium,50,Weapon Skins,Melee,0
Hivemind,Episode 01: IGNITION,2,Deluxe,Exo,Free,50,Weapon Skins,Shorty,0
Serenity,Episode 01: IGNITION,3,Select,Jade,Premium,5,Weapon Skins,Ghost,0
Serenity,Episode 01: IGNITION,3,Select,Jade,Premium,15,Weapon Skins,Judge,0
Serenity,Episode 01: IGNITION,3,Select,Jade,Premium,25,Weapon Skins,Phantom,0
Serenity,Episode 01: IGNITION,3,Select,Jade,Premium,40,Weapon Skins,Spectre,0
Surge,Episode 01: IGNITION,3,Select,Electroflux3,Premium,10,Weapon Skins,Bucky,3
Surge,Episode 01: IGNITION,3,Select,Electroflux3,Premium,16,Weapon Skins,Classic,3
Surge,Episode 01: IGNITION,3,Select,Electroflux3,Premium,35,Weapon Skins,Stinger,3
Surge,Episode 01: IGNITION,3,Select,Electroflux3,Premium,50,Weapon Skins,Sheriff,3
Ruin,Episode 01: IGNITION,3,Deluxe,Gothic,Premium,1,Weapon Skins,Marshal,0
Ruin,Episode 01: IGNITION,3,Deluxe,Gothic,Premium,4,Accessories,Player Card,0
Ruin,Episode 01: IGNITION,3,Deluxe,Gothic,Premium,18,Accessories,Spray,0
Ruin,Episode 01: IGNITION,3,Deluxe,Gothic,Premium,20,Weapon Skins,Shorty,0
Ruin,Episode 01: IGNITION,3,Deluxe,Gothic,Premium,30,Weapon Skins,Guardian,0
Ruin,Episode 01: IGNITION,3,Deluxe,Gothic,Premium,44,Accessories,Gun Buddy,0
Ruin,Episode 01: IGNITION,3,Deluxe,Gothic,Premium,45,Weapon Skins,Vandal,0
Ruin,Episode 01: IGNITION,3,Deluxe,Gothic,Premium,50,Weapon Skins,Melee,0
Infinity,Episode 02: FORMATION,1,Select,Sportscar,Premium,1,Weapon Skins,Bulldog,3
Infinity,Episode 02: FORMATION,1,Select,Sportscar,Premium,4,Accessories,Player Card,0
Infinity,Episode 02: FORMATION,1,Select,Sportscar,Premium,16,Weapon Skins,Spectre,3
Infinity,Episode 02: FORMATION,1,Select,Sportscar,Premium,35,Weapon Skins,Guardian,3
Infinity,Episode 02: FORMATION,1,Select,Sportscar,Premium,45,Weapon Skins,Phantom,3
Infinity,Episode 02: FORMATION,1,Select,Sportscar,Free,50,Weapon Skins,Classic,3
Infinity,Episode 02: FORMATION,1,Select,Sportscar,Free,55,Accessories,Player Card,0
Aerosol,Episode 02: FORMATION,1,Select,StreetArt,Premium,5,Weapon Skins,Bucky,0
Aerosol,Episode 02: FORMATION,1,Select,StreetArt,Premium,15,Weapon Skins,Shorty,0
Aerosol,Episode 02: FORMATION,1,Select,StreetArt,Premium,25,Weapon Skins,Operator,0
Aerosol,Episode 02: FORMATION,1,Select,StreetArt,Premium,40,Weapon Skins,Odin,0
Outpost,Episode 02: FORMATION,1,Select,Industrial,Premium,10,Weapon Skins,Ghost,0
Outpost,Episode 02: FORMATION,1,Select,Industrial,Premium,20,Weapon Skins,Judge,0
Outpost,Episode 02: FORMATION,1,Select,Industrial,Premium,30,Weapon Skins,Ares,0
Outpost,Episode 02: FORMATION,1,Select,Industrial,Premium,50,Weapon Skins,Melee,0
POLYfrog,Episode 02: FORMATION,2,Select,Polyfrog,Premium,1,Weapon Skins,Marshal,0
POLYfrog,Episode 02: FORMATION,2,Select,Polyfrog,Premium,9,Accessories,Player Card,0
POLYfrog,Episode 02: FORMATION,2,Select,Polyfrog,Premium,15,Weapon Skins,Sheriff,0
POLYfrog,Episode 02: FORMATION,2,Select,Polyfrog,Premium,20,Weapon Skins,Ares,0
POLYfrog,Episode 02: FORMATION,2,Select,Polyfrog,Premium,40,Weapon Skins,Spectre,0
Prism III,Episode 02: FORMATION,2,Select,Iridescence2,Premium,5,Weapon Skins,Judge,3
Prism III,Episode 02: FORMATION,2,Select,Iridescence2,Premium,35,Weapon Skins,Odin,3
Prism III,Episode 02: FORMATION,2,Select,Iridescence2,Premium,50,Weapon Skins,Melee,3
Prism III,Episode 02: FORMATION,2,Select,Iridescence2,Free,50,Weapon Skins,Classic,3
Cavalier,Episode 02: FORMATION,2,Deluxe,Speedboat,Premium,10,Weapon Skins,Stinger,0
Cavalier,Episode 02: FORMATION,2,Deluxe,Speedboat,Premium,16,Weapon Skins,Ghost,0
Cavalier,Episode 02: FORMATION,2,Deluxe,Speedboat,Premium,25,Weapon Skins,Vandal,0
Cavalier,Episode 02: FORMATION,2,Deluxe,Speedboat,Premium,30,Weapon Skins,Bucky,0
Cavalier,Episode 02: FORMATION,2,Deluxe,Speedboat,Premium,45,Weapon Skins,Operator,0
Depths,Episode 02: FORMATION,3,Select,UnderTheSea,Premium,5,Weapon Skins,Bulldog,0
Depths,Episode 02: FORMATION,3,Select,UnderTheSea,Premium,20,Weapon Skins,Stinger,0
Depths,Episode 02: FORMATION,3,Select,UnderTheSea,Premium,30,Weapon Skins,Ghost,0
Depths,Episode 02: FORMATION,3,Select,UnderTheSea,Premium,42,Accessories,Player Card,0
Depths,Episode 02: FORMATION,3,Select,UnderTheSea,Premium,45,Weapon Skins,Vandal,0
Lightwave,Episode 02: FORMATION,3,Select,RGB,Premium,10,Weapon Skins,Sheriff,3
Lightwave,Episode 02: FORMATION,3,Select,RGB,Premium,16,Weapon Skins,Bucky,3
Lightwave,Episode 02: FORMATION,3,Select,RGB,Premium,25,Weapon Skins,Phantom,3
Lightwave,Episode 02: FORMATION,3,Select,RGB,Premium,35,Weapon Skins,Odin,3
Lightwave,Episode 02: FORMATION,3,Select,RGB,Free,50,Weapon Skins,Frenzy,3
Songsteel,Episode 02: FORMATION,3,Deluxe,Elven,Premium,1,Weapon Skins,Guardian,0
Songsteel,Episode 02: FORMATION,3,Deluxe,Elven,Premium,2,Accessories,Gun Buddy,0
Songsteel,Episode 02: FORMATION,3,Deluxe,Elven,Premium,4,Accessories,Player Card,0
Songsteel,Episode 02: FORMATION,3,Deluxe,Elven,Premium,6,Accessories,Spray,0
Songsteel,Episode 02: FORMATION,3,Deluxe,Elven,Premium,15,Weapon Skins,Classic,0
Songsteel,Episode 02: FORMATION,3,Deluxe,Elven,Premium,40,Weapon Skins,Marshal,0
Songsteel,Episode 02: FORMATION,3,Deluxe,Elven,Premium,50,Weapon Skins,Melee,0
Jigsaw,Episode 03: REFLECTION,1,Select,Puzzle,Premium,5,Weapon Skins,Ares,3
Jigsaw,Episode 03: REFLECTION,1,Select,Puzzle,Premium,15,Weapon Skins,Judge,3
Jigsaw,Episode 03: REFLECTION,1,Select,Puzzle,Premium,35,Weapon Skins,Guardian,3
Jigsaw,Episode 03: REFLECTION,1,Select,Puzzle,Free,50,Weapon Skins,Ghost,3
Monarch,Episode 03: REFLECTION,1,Select,Houndstooth,Premium,10,Weapon Skins,Shorty,0
Monarch,Episode 03: REFLECTION,1,Select,Houndstooth,Premium,16,Weapon Skins,Bucky,0
Monarch,Episode 03: REFLECTION,1,Select,Houndstooth,Premium,30,Weapon Skins,Frenzy,0
Monarch,Episode 03: REFLECTION,1,Select,Houndstooth,Premium,40,Weapon Skins,Marshal,0
K/TAC,Episode 03: REFLECTION,1,Deluxe,Kingdom2,Premium,1,Weapon Skins,Sheriff,0
K/TAC,Episode 03: REFLECTION,1,Deluxe,Kingdom2,Premium,2,Accessories,Gun Buddy,0
K/TAC,Episode 03: REFLECTION,1,Deluxe,Kingdom2,Premium,20,Weapon Skins,Bulldog,0
K/TAC,Episode 03: REFLECTION,1,Deluxe,Kingdom2,Premium,25,Weapon Skins,Vandal,0
K/TAC,Episode 03: REFLECTION,1,Deluxe,Kingdom2,Premium,45,Weapon Skins,Operator,0
K/TAC,Episode 03: REFLECTION,1,Deluxe,Kingdom2,Premium,50,Weapon Skins,Melee,0
Varnish,Episode 03: REFLECTION,2,Select,Walnut,Premium,1,Weapon Skins,Bulldog,0
Varnish,Episode 03: REFLECTION,2,Select,Walnut,Premium,15,Weapon Skins,Judge,0
Varnish,Episode 03: REFLECTION,2,Select,Walnut,Premium,20,Weapon Skins,Sheriff,0
Varnish,Episode 03: REFLECTION,2,Select,Walnut,Premium,40,Weapon Skins,Stinger,0
Nitro,Episode 03: REFLECTION,2,Select,Electroflux2,Premium,5,Weapon Skins,Odin,0
Nitro,Episode 03: REFLECTION,2,Select,Electroflux2,Premium,16,Weapon Skins,Guardian,0
Nitro,Episode 03: REFLECTION,2,Select,Electroflux2,Premium,35,Weapon Skins,Vandal,0
Nitro,Episode 03: REFLECTION,2,Select,Electroflux2,Premium,45,Weapon Skins,Operator,0
Artisan,Episode 03: REFLECTION,2,Deluxe,Porcelain,Premium,10,Weapon Skins,Marshal,3
Artisan,Episode 03: REFLECTION,2,Deluxe,Porcelain,Premium,25,Weapon Skins,Phantom,3
Artisan,Episode 03: REFLECTION,2,Deluxe,Porcelain,Premium,28,Accessories,Spray,0
Artisan,Episode 03: REFLECTION,2,Deluxe,Porcelain,Premium,29,Accessories,Player Card,0
Artisan,Episode 03: REFLECTION,2,Deluxe,Porcelain,Free,30,Accessories,Gun Buddy,0
Artisan,Episode 03: REFLECTION,2,Deluxe,Porcelain,Premium,30,Weapon Skins,Bucky,3
Artisan,Episode 03: REFLECTION,2,Deluxe,Porcelain,Premium,50,Weapon Skins,Melee,3
Artisan,Episode 03: REFLECTION,2,Deluxe,Porcelain,Free,50,Weapon Skins,Ghost,3
Aero,Episode 03: REFLECTION,3,Select,Polaris,Premium,10,Weapon Skins,Spectre,3
Aero,Episode 03: REFLECTION,3,Select,Polaris,Premium,20,Weapon Skins,Guardian,3
Aero,Episode 03: REFLECTION,3,Select,Polaris,Premium,45,Weapon Skins,Phantom,3
Aero,Episode 03: REFLECTION,3,Select,Polaris,Free,50,Weapon Skins,Frenzy,3
Goldwing,Episode 03: REFLECTION,3,Select,Hohloma,Premium,1,Weapon Skins,Classic,0
Goldwing,Episode 03: REFLECTION,3,Select,Hohloma,Premium,4,Accessories,Player Card,0
Goldwing,Episode 03: REFLECTION,3,Select,Hohloma,Premium,15,Weapon Skins,Ares,0
Goldwing,Episode 03: REFLECTION,3,Select,Hohloma,Premium,30,Weapon Skins,Judge,0
Goldwing,Episode 03: REFLECTION,3,Select,Hohloma,Premium,36,Accessories,Spray,0
Goldwing,Episode 03: REFLECTION,3,Select,Hohloma,Premium,40,Weapon Skins,Ghost,0
Genesis,Episode 03: REFLECTION,3,Deluxe,Nexus,Premium,2,Accessories,Gun Buddy,0
Genesis,Episode 03: REFLECTION,3,Deluxe,Nexus,Premium,5,Weapon Skins,Bulldog,0
Genesis,Episode 03: REFLECTION,3,Deluxe,Nexus,Premium,16,Weapon Skins,Shorty,0
Genesis,Episode 03: REFLECTION,3,Deluxe,Nexus,Premium,25,Weapon Skins,Operator,0
Genesis,Episode 03: REFLECTION,3,Deluxe,Nexus,Premium,31,Accessories,Player Card,0
Genesis,Episode 03: REFLECTION,3,Deluxe,Nexus,Premium,35,Weapon Skins,Bucky,0
Genesis,Episode 03: REFLECTION,3,Deluxe,Nexus,Premium,50,Weapon Skins,Melee,0
Hydrodip,Episode 04: DISRUPTION,1,Select,Hydrodip,Premium,1,Weapon Skins,Frenzy,0
Hydrodip,Episode 04: DISRUPTION,1,Select,Hydrodip,Premium,2,Accessories,Gun Buddy,0
Hydrodip,Episode 04: DISRUPTION,1,Select,Hydrodip,Premium,4,Accessories,Player Card,0
Hydrodip,Episode 04: DISRUPTION,1,Select,Hydrodip,Premium,15,Weapon Skins,Judge,0
Hydrodip,Episode 04: DISRUPTION,1,Select,Hydrodip,Premium,18,Accessories,Spray,0
Hydrodip,Episode 04: DISRUPTION,1,Select,Hydrodip,Premium,20,Weapon Skins,Guardian,0
Hydrodip,Episode 04: DISRUPTION,1,Select,Hydrodip,Premium,40,Weapon Skins,Bucky,0
Velocity,Episode 04: DISRUPTION,1,Deluxe,Fiberglass,Premium,10,Weapon Skins,Bulldog,3
Velocity,Episode 04: DISRUPTION,1,Deluxe,Fiberglass,Premium,25,Weapon Skins,Phantom,3
Velocity,Episode 04: DISRUPTION,1,Deluxe,Fiberglass,Premium,31,Accessories,Player Card,0
Velocity,Episode 04: DISRUPTION,1,Deluxe,Fiberglass,Premium,33,Accessories,Gun Buddy,0
Velocity,Episode 04: DISRUPTION,1,Deluxe,Fiberglass,Premium,35,Weapon Skins,Spectre,3
Velocity,Episode 04: DISRUPTION,1,Deluxe,Fiberglass,Premium,50,Weapon Skins,Melee,3
Velocity,Episode 04: DISRUPTION,1,Deluxe,Fiberglass,Free,50,Weapon Skins,Shorty,3
Divine Swine,Episode 04: DISRUPTION,2,Select,PolyPig,Premium,2,Accessories,Gun Buddy,0
Divine Swine,Episode 04: DISRUPTION,2,Select,PolyPig,Premium,4,Accessories,Player Card,0
Divine Swine,Episode 04: DISRUPTION,2,Select,PolyPig,Premium,5,Weapon Skins,Judge,0
Divine Swine,Episode 04: DISRUPTION,2,Select,PolyPig,Premium,15,Weapon Skins,Marshal,0
Divine Swine,Episode 04: DISRUPTION,2,Select,PolyPig,Premium,20,Weapon Skins,Ares,0
Divine Swine,Episode 04: DISRUPTION,2,Select,PolyPig,Premium,35,Weapon Skins,Frenzy,0
Lycan's Bane,Episode 04: DISRUPTION,2,Deluxe,SilverWolf,Premium,1,Weapon Skins,Ghost,0
Lycan's Bane,Episode 04: DISRUPTION,2,Deluxe,SilverWolf,Premium,16,Weapon Skins,Stinger,0
Lycan's Bane,Episode 04: DISRUPTION,2,Deluxe,SilverWolf,Premium,17,Accessories,Player Card,0
Lycan's Bane,Episode 04: DISRUPTION,2,Deluxe,SilverWolf,Premium,23,Accessories,Gun Buddy,0
Lycan's Bane,Episode 04: DISRUPTION,2,Deluxe,SilverWolf,Premium,25,Weapon Skins,Vandal,0
Lycan's Bane,Episode 04: DISRUPTION,2,Deluxe,SilverWolf,Premium,40,Weapon Skins,Odin,0
Hue Shift,Episode 04: DISRUPTION,2,Select,PinkGun,Premium,1,Weapon Skins,Shorty,0
Hue Shift,Episode 04: DISRUPTION,2,Select,PinkGun,Premium,2,Accessories,Gun Buddy,0
Hue Shift,Episode 04: DISRUPTION,2,Select,PinkGun,Premium,16,Weapon Skins,Bulldog,0
Hue Shift,Episode 04: DISRUPTION,2,Select,PinkGun,Premium,25,Weapon Skins,Phantom,0
Hue Shift,Episode 04: DISRUPTION,2,Select,PinkGun,Premium,40,Weapon Skins,Spectre,0
Striker,Episode 04: DISRUPTION,2,Select,Cleats,Premium,10,Weapon Skins,Spectre,3
Striker,Episode 04: DISRUPTION,2,Select,Cleats,Premium,30,Weapon Skins,Bulldog,3
Striker,Episode 04: DISRUPTION,2,Select,Cleats,Premium,45,Weapon Skins,Operator,3
Striker,Episode 04: DISRUPTION,2,Select,Cleats,Premium,50,Weapon Skins,Melee,3
Striker,Episode 04: DISRUPTION,2,Select,Cleats,Free,50,Weapon Skins,Classic,3
Coalition: Cobra,Episode 04: DISRUPTION,3,Select,Military,Premium,5,Weapon Skins,Judge,3
Coalition: Cobra,Episode 04: DISRUPTION,3,Select,Military,Premium,12,Accessories,Spray,0
Coalition: Cobra,Episode 04: DISRUPTION,3,Select,Military,Premium,15,Weapon Skins,Odin,3
Coalition: Cobra,Episode 04: DISRUPTION,3,Select,Military,Premium,30,Weapon Skins,Marshal,3
Coalition: Cobra,Episode 04: DISRUPTION,3,Select,Military,Free,50,Weapon Skins,Frenzy,3
.SYS,Episode 04: DISRUPTION,3,Deluxe,Grid2,Premium,10,Weapon Skins,Sheriff,0
.SYS,Episode 04: DISRUPTION,3,Deluxe,Grid2,Premium,20,Weapon Skins,Bucky,0
.SYS,Episode 04: DISRUPTION,3,Deluxe,Grid2,Premium,31,Accessories,Player Card,0
.SYS,Episode 04: DISRUPTION,3,Deluxe,Grid2,Premium,33,Accessories,Gun Buddy,0
.SYS,Episode 04: DISRUPTION,3,Deluxe,Grid2,Premium,35,Weapon Skins,Stinger,0
.SYS,Episode 04: DISRUPTION,3,Deluxe,Grid2,Premium,45,Weapon Skins,Vandal,0
.SYS,Episode 04: DISRUPTION,3,Deluxe,Grid2,Premium,50,Weapon Skins,Melee,0
Spitfire,Episode 05: DIMENSION,1,Select,Fury,Premium,1,Weapon Skins,Ghost,0
Spitfire,Episode 05: DIMENSION,1,Select,Fury,Premium,15,Weapon Skins,Ares,0
Spitfire,Episode 05: DIMENSION,1,Select,Fury,Premium,25,Weapon Skins,Operator,0
Spitfire,Episode 05: DIMENSION,1,Select,Fury,Premium,40,Weapon Skins,Guardian,0
Shimmer,Episode 05: DIMENSION,1,Select,Glitter,Premium,2,Accessories,Gun Buddy,0
Shimmer,Episode 05: DIMENSION,1,Select,Glitter,Premium,4,Accessories,Player Card,0
Shimmer,Episode 05: DIMENSION,1,Select,Glitter,Premium,5,Weapon Skins,Stinger,3
Shimmer,Episode 05: DIMENSION,1,Select,Glitter,Premium,16,Weapon Skins,Judge,3
Shimmer,Episode 05: DIMENSION,1,Select,Glitter,Premium,30,Weapon Skins,Bulldog,3
Shimmer,Episode 05: DIMENSION,1,Select,Glitter,Free,50,Weapon Skins,Classic,3
Task Force 809,Episode 05: DIMENSION,1,Deluxe,809,Premium,10,Weapon Skins,Frenzy,0
Task Force 809,Episode 05: DIMENSION,1,Deluxe,809,Premium,20,Weapon Skins,Spectre,0
Task Force 809,Episode 05: DIMENSION,1,Deluxe,809,Premium,31,Accessories,Player Card,0
Task Force 809,Episode 05: DIMENSION,1,Deluxe,809,Premium,33,Accessories,Gun Buddy,0
Task Force 809,Episode 05: DIMENSION,1,Deluxe,809,Premium,35,Weapon Skins,Marshal,0
Task Force 809,Episode 05: DIMENSION,1,Deluxe,809,Premium,45,Weapon Skins,Phantom,0
Task Force 809,Episode 05: DIMENSION,1,Deluxe,809,Premium,50,Weapon Skins,Melee,0
Premiere Collision,Episode 05: DIMENSION,2,Select,Radianite,Premium,5,Weapon Skins,Classic,0
Premiere Collision,Episode 05: DIMENSION,2,Select,Radianite,Premium,16,Weapon Skins,Marshal,0
Premiere Collision,Episode 05: DIMENSION,2,Select,Radianite,Premium,30,Weapon Skins,Ares,0
Premiere Collision,Episode 05: DIMENSION,2,Select,Radianite,Premium,40,Weapon Skins,Bulldog,0
Immortalized,Episode 05: DIMENSION,2,Select,AbstractHeroes,Premium,7,Accessories,Spray,0
Immortalized,Episode 05: DIMENSION,2,Select,AbstractHeroes,Premium,10,Weapon Skins,Guardian,3
Immortalized,Episode 05: DIMENSION,2,Select,AbstractHeroes,Premium,20,Weapon Skins,Stinger,3
Immortalized,Episode 05: DIMENSION,2,Select,AbstractHeroes,Premium,45,Weapon Skins,Vandal,3
Immortalized,Episode 05: DIMENSION,2,Select,AbstractHeroes,Free,50,Weapon Skins,Sheriff,3
Piedra del Sol,Episode 05: DIMENSION,2,Deluxe,Aztec,Premium,1,Weapon Skins,Ghost,0
Piedra del Sol,Episode 05: DIMENSION,2,Deluxe,Aztec,Premium,15,Weapon Skins,Bucky,0
Piedra del Sol,Episode 05: DIMENSION,2,Deluxe,Aztec,Premium,25,Weapon Skins,Phantom,0
Piedra del Sol,Episode 05: DIMENSION,2,Deluxe,Aztec,Premium,31,Accessories,Player Card,0
Piedra del Sol,Episode 05: DIMENSION,2,Deluxe,Aztec,Premium,34,Accessories,Spray,0
Piedra del Sol,Episode 05: DIMENSION,2,Deluxe,Aztec,Premium,35,Weapon Skins,Judge,0
Piedra del Sol,Episode 05: DIMENSION,2,Deluxe,Aztec,Premium,50,Weapon Skins,Melee,0
Rune Stone,Episode 05: DIMENSION,3,Select,Codex,Premium,1,Weapon Skins,Marshal,0
Rune Stone,Episode 05: DIMENSION,3,Select,Codex,Premium,2,Accessories,Gun Buddy,0
Rune Stone,Episode 05: DIMENSION,3,Select,Codex,Premium,11,Accessories,Player Card,0
Rune Stone,Episode 05: DIMENSION,3,Select,Codex,Premium,15,Weapon Skins,Bulldog,0
Rune Stone,Episode 05: DIMENSION,3,Select,Codex,Premium,20,Weapon Skins,Shorty,0
Rune Stone,Episode 05: DIMENSION,3,Select,Codex,Premium,40,Weapon Skins,Odin,0
Starlit Odyssey,Episode 05: DIMENSION,3,Select,Constellation,Premium,7,Accessories,Spray,0
Starlit Odyssey,Episode 05: DIMENSION,3,Select,Constellation,Premium,9,Accessories,Player Card,0
Starlit Odyssey,Episode 05: DIMENSION,3,Select,Constellation,Premium,10,Weapon Skins,Guardian,3
Starlit Odyssey,Episode 05: DIMENSION,3,Select,Constellation,Premium,25,Weapon Skins,Vandal,3
Starlit Odyssey,Episode 05: DIMENSION,3,Select,Constellation,Premium,30,Accessories,Gun Buddy,0
Starlit Odyssey,Episode 05: DIMENSION,3,Select,Constellation,Premium,35,Weapon Skins,Spectre,3
Starlit Odyssey,Episode 05: DIMENSION,3,Select,Constellation,Free,50,Weapon Skins,Ghost,3
Iridian Thorn,Episode 05: DIMENSION,3,Deluxe,LostTechnology,Premium,5,Weapon Skins,Judge,0
Iridian Thorn,Episode 05: DIMENSION,3,Deluxe,LostTechnology,Premium,16,Weapon Skins,Sheriff,0
Iridian Thorn,Episode 05: DIMENSION,3,Deluxe,LostTechnology,Premium,29,Accessories,Player Card,0
Iridian Thorn,Episode 05: DIMENSION,3,Deluxe,LostTechnology,Premium,30,Weapon Skins,Bucky,0
Iridian Thorn,Episode 05: DIMENSION,3,Deluxe,LostTechnology,Premium,45,Weapon Skins,Operator,0
Iridian Thorn,Episode 05: DIMENSION,3,Deluxe,LostTechnology,Premium,47,Accessories,Gun Buddy,0
Iridian Thorn,Episode 05: DIMENSION,3,Deluxe,LostTechnology,Premium,50,Weapon Skins,Melee,0
9 Lives,Episode 06: REVELATION,1,Select,Pets,Premium,1,Weapon Skins,Guardian,3
9 Lives,Episode 06: REVELATION,1,Select,Pets,Premium,4,Accessories,Player Card,0
9 Lives,Episode 06: REVELATION,1,Select,Pets,Premium,15,Weapon Skins,Ares,3
9 Lives,Episode 06: REVELATION,1,Select,Pets,Premium,25,Weapon Skins,Phantom,3
9 Lives,Episode 06: REVELATION,1,Select,Pets,Premium,34,Accessories,Spray,0
9 Lives,Episode 06: REVELATION,1,Select,Pets,Free,50,Weapon Skins,Classic,3
Gridcash,Episode 06: REVELATION,1,Select,Synthwave,Premium,7,Accessories,Spray,0
Gridcash,Episode 06: REVELATION,1,Select,Synthwave,Premium,10,Weapon Skins,Ghost,0
Gridcash,Episode 06: REVELATION,1,Select,Synthwave,Premium,16,Weapon Skins,Judge,0
Gridcash,Episode 06: REVELATION,1,Select,Synthwave,Premium,29,Accessories,Player Card,0
Gridcash,Episode 06: REVELATION,1,Select,Synthwave,Premium,30,Weapon Skins,Stinger,0
Gridcash,Episode 06: REVELATION,1,Select,Synthwave,Premium,40,Weapon Skins,Bulldog,0
Venturi,Episode 06: REVELATION,1,Deluxe,F1,Premium,2,Accessories,Gun Buddy,0
Venturi,Episode 06: REVELATION,1,Deluxe,F1,Premium,5,Weapon Skins,Frenzy,0
Venturi,Episode 06: REVELATION,1,Deluxe,F1,Premium,17,Accessories,Player Card,0
Venturi,Episode 06: REVELATION,1,Deluxe,F1,Premium,20,Weapon Skins,Marshal,0
Venturi,Episode 06: REVELATION,1,Deluxe,F1,Premium,35,Weapon Skins,Spectre,0
Venturi,Episode 06: REVELATION,1,Deluxe,F1,Premium,45,Weapon Skins,Vandal,0
Venturi,Episode 06: REVELATION,1,Deluxe,F1,Premium,50,Weapon Skins,Melee,0
Signature,Episode 06: REVELATION,2,Select,MidnightAerosol,Premium,1,Weapon Skins,Sheriff,0
Signature,Episode 06: REVELATION,2,Select,MidnightAerosol,Premium,12,Accessories,Spray,0
Signature,Episode 06: REVELATION,2,Select,MidnightAerosol,Premium,15,Weapon Skins,Stinger,0
Signature,Episode 06: REVELATION,2,Select,MidnightAerosol,Premium,20,Weapon Skins,Marshal,0
Signature,Episode 06: REVELATION,2,Select,MidnightAerosol,Premium,38,Accessories,Player Card,0
Signature,Episode 06: REVELATION,2,Select,MidnightAerosol,Premium,40,Weapon Skins,Guardian,0
Topotek,Episode 06: REVELATION,2,Select,Flyer,Premium,5,Weapon Skins,Ghost,0
Topotek,Episode 06: REVELATION,2,Select,Flyer,Premium,16,Weapon Skins,Bucky,0
Topotek,Episode 06: REVELATION,2,Select,Flyer,Premium,30,Weapon Skins,Odin,0
Topotek,Episode 06: REVELATION,2,Select,Flyer,Premium,33,Accessories,Gun Buddy,0
Topotek,Episode 06: REVELATION,2,Select,Flyer,Premium,38,Accessories,Player Card,0
Topotek,Episode 06: REVELATION,2,Select,Flyer,Premium,45,Weapon Skins,Phantom,0
Tilde,Episode 06: REVELATION,2,Deluxe,StreetWear,Premium,9,Accessories,Player Card,0
Tilde,Episode 06: REVELATION,2,Deluxe,StreetWear,Premium,10,Weapon Skins,Judge,3
Tilde,Episode 06: REVELATION,2,Deluxe,StreetWear,Premium,23,Accessories,Gun Buddy,0
Tilde,Episode 06: REVELATION,2,Deluxe,StreetWear,Premium,25,Weapon Skins,Operator,3
Tilde,Episode 06: REVELATION,2,Deluxe,StreetWear,Premium,35,Weapon Skins,Bulldog,3
Tilde,Episode 06: REVELATION,2,Deluxe,StreetWear,Premium,50,Weapon Skins,Melee,3
Tilde,Episode 06: REVELATION,2,Deluxe,StreetWear,Free,50,Weapon Skins,Shorty,3
Moondash,Episode 06: REVELATION,3,Select,NineTails,Premium,1,Weapon Skins,Frenzy,0
Moondash,Episode 06: REVELATION,3,Select,NineTails,Premium,11,Accessories,Player Card,0
Moondash,Episode 06: REVELATION,3,Select,NineTails,Premium,15,Weapon Skins,Stinger,0
Moondash,Episode 06: REVELATION,3,Select,NineTails,Premium,33,Accessories,Gun Buddy,0
Moondash,Episode 06: REVELATION,3,Select,NineTails,Premium,34,Accessories,Spray,0
Moondash,Episode 06: REVELATION,3,Select,NineTails,Premium,35,Weapon Skins,Guardian,0
Moondash,Episode 06: REVELATION,3,Select,NineTails,Premium,40,Weapon Skins,Marshal,0
Monstrocity,Episode 06: REVELATION,3,Select,LittleNightmare,Premium,9,Accessories,Player Card,0
Monstrocity,Episode 06: REVELATION,3,Select,LittleNightmare,Premium,10,Weapon Skins,Ares,3
Monstrocity,Episode 06: REVELATION,3,Select,LittleNightmare,Premium,18,Accessories,Spray,0
Monstrocity,Episode 06: REVELATION,3,Select,LittleNightmare,Premium,20,Weapon Skins,Spectre,3
Monstrocity,Episode 06: REVELATION,3,Select,LittleNightmare,Premium,45,Weapon Skins,Vandal,3
Monstrocity,Episode 06: REVELATION,3,Select,LittleNightmare,Free,50,Weapon Skins,Sheriff,3
Bound,Episode 06: REVELATION,3,Deluxe,InnerRage,Premium,4,Accessories,Player Card,0
Bound,Episode 06: REVELATION,3,Deluxe,InnerRage,Premium,5,Weapon Skins,Classic,0
Bound,Episode 06: REVELATION,3,Deluxe,InnerRage,Premium,16,Weapon Skins,Judge,0
Bound,Episode 06: REVELATION,3,Deluxe,InnerRage,Premium,25,Weapon Skins,Phantom,0
Bound,Episode 06: REVELATION,3,Deluxe,InnerRage,Premium,28,Accessories,Spray,0
Bound,Episode 06: REVELATION,3,Deluxe,InnerRage,Premium,30,Weapon Skins,Bulldog,0
Bound,Episode 06: REVELATION,3,Deluxe,InnerRage,Premium,37,Accessories,Gun Buddy,0
Bound,Episode 06: REVELATION,3,Deluxe,InnerRage,Premium,50,Weapon Skins,Melee,0
Blush,Episode 07: EVOLUTION,1,Select,LiquidPink,Premium,4,Accessories,Player Card,0
Blush,Episode 07: EVOLUTION,1,Select,LiquidPink,Premium,5,Weapon Skins,Frenzy,0
Blush,Episode 07: EVOLUTION,1,Select,LiquidPink,Premium,16,Weapon Skins,Spectre,0
Blush,Episode 07: EVOLUTION,1,Select,LiquidPink,Premium,23,Accessories,Gun Buddy,0
Blush,Episode 07: EVOLUTION,1,Select,LiquidPink,Premium,24,Accessories,Spray,0
Blush,Episode 07: EVOLUTION,1,Select,LiquidPink,Premium,25,Weapon Skins,Operator,0
Blush,Episode 07: EVOLUTION,1,Select,LiquidPink,Premium,40,Weapon Skins,Guardian,0
Digihex,Episode 07: EVOLUTION,1,Select,Hex,Premium,9,Accessories,Player Card,0
Digihex,Episode 07: EVOLUTION,1,Select,Hex,Premium,10,Weapon Skins,Judge,3
Digihex,Episode 07: EVOLUTION,1,Select,Hex,Premium,18,Accessories,Spray,0
Digihex,Episode 07: EVOLUTION,1,Select,Hex,Premium,20,Weapon Skins,Ares,3
Digihex,Episode 07: EVOLUTION,1,Select,Hex,Premium,33,Accessories,Gun Buddy,0
Digihex,Episode 07: EVOLUTION,1,Select,Hex,Premium,35,Weapon Skins,Bulldog,3
Digihex,Episode 07: EVOLUTION,1,Select,Hex,Free,50,Weapon Skins,Ghost,3
Composite,Episode 07: EVOLUTION,1,Deluxe,Ballistic,Premium,1,Weapon Skins,Sheriff,0
Composite,Episode 07: EVOLUTION,1,Deluxe,Ballistic,Premium,11,Accessories,Player Card,0
Composite,Episode 07: EVOLUTION,1,Deluxe,Ballistic,Premium,14,Accessories,Gun Buddy,0
Composite,Episode 07: EVOLUTION,1,Deluxe,Ballistic,Premium,15,Weapon Skins,Stinger,0
Composite,Episode 07: EVOLUTION,1,Deluxe,Ballistic,Premium,28,Accessories,Spray,0
Composite,Episode 07: EVOLUTION,1,Deluxe,Ballistic,Premium,30,Weapon Skins,Marshal,0
Composite,Episode 07: EVOLUTION,1,Deluxe,Ballistic,Premium,45,Weapon Skins,Phantom,0
Composite,Episode 07: EVOLUTION,1,Deluxe,Ballistic,Premium,50,Weapon Skins,Melee,0
Panoramic,Episode 07: EVOLUTION,2,Select,RetroLA,Premium,1,Weapon Skins,Classic,0
Panoramic,Episode 07: EVOLUTION,2,Select,RetroLA,Premium,11,Accessories,Player Card,0
Panoramic,Episode 07: EVOLUTION,2,Select,RetroLA,Premium,12,Accessories,Spray,0
Panoramic,Episode 07: EVOLUTION,2,Select,RetroLA,Premium,14,Accessories,Gun Buddy,0
Panoramic,Episode 07: EVOLUTION,2,Select,RetroLA,Premium,15,Weapon Skins,Bucky,0
Panoramic,Episode 07: EVOLUTION,2,Select,RetroLA,Premium,20,Weapon Skins,Guardian,0
Freehand,Episode 07: EVOLUTION,2,Select,StickerPop,Premium,4,Accessories,Player Card,0
Freehand,Episode 07: EVOLUTION,2,Select,StickerPop,Premium,5,Weapon Skins,Ghost,0
Freehand,Episode 07: EVOLUTION,2,Select,StickerPop,Premium,16,Weapon Skins,Spectre,0
Freehand,Episode 07: EVOLUTION,2,Select,StickerPop,Premium,18,Accessories,Spray,0
Freehand,Episode 07: EVOLUTION,2,Select,StickerPop,Premium,30,Weapon Skins,Odin,0
Freehand,Episode 07: EVOLUTION,2,Select,StickerPop,Premium,40,Weapon Skins,Marshal,0
Transition,Episode 07: EVOLUTION,2,Deluxe,Skatepark,Premium,7,Accessories,Spray,0
Transition,Episode 07: EVOLUTION,2,Deluxe,Skatepark,Premium,9,Accessories,Player Card,0
Transition,Episode 07: EVOLUTION,2,Deluxe,Skatepark,Premium,10,Weapon Skins,Stinger,3
Transition,Episode 07: EVOLUTION,2,Deluxe,Skatepark,Premium,23,Accessories,Gun Buddy,0
Transition,Episode 07: EVOLUTION,2,Deluxe,Skatepark,Premium,25,Weapon Skins,Vandal,3
Transition,Episode 07: EVOLUTION,2,Deluxe,Skatepark,Premium,35,Weapon Skins,Bulldog,3
Transition,Episode 07: EVOLUTION,2,Deluxe,Skatepark,Premium,50,Weapon Skins,Melee,3
Transition,Episode 07: EVOLUTION,2,Deluxe,Skatepark,Free,50,Weapon Skins,Shorty,3
Libretto,Episode 07: EVOLUTION,3,Select,Nutcracker,Premium,1,Weapon Skins,Ghost,0
Libretto,Episode 07: EVOLUTION,3,Select,Nutcracker,Premium,2,Accessories,Gun Buddy,0
Libretto,Episode 07: EVOLUTION,3,Select,Nutcracker,Premium,4,Accessories,Player Card,0
Libretto,Episode 07: EVOLUTION,3,Select,Nutcracker,Premium,12,Accessories,Spray,0
Libretto,Episode 07: EVOLUTION,3,Select,Nutcracker,Premium,15,Weapon Skins,Stinger,0
Libretto,Episode 07: EVOLUTION,3,Select,Nutcracker,Premium,25,Weapon Skins,Operator,0
Libretto,Episode 07: EVOLUTION,3,Select,Nutcracker,Premium,35,Weapon Skins,Bulldog,0
Silhouette,Episode 07: EVOLUTION,3,Select,ShadowPlay,Premium,5,Weapon Skins,Frenzy,0
Silhouette,Episode 07: EVOLUTION,3,Select,ShadowPlay,Premium,16,Weapon Skins,Judge,0
Silhouette,Episode 07: EVOLUTION,3,Select,ShadowPlay,Premium,28,Accessories,Spray,0
Silhouette,Episode 07: EVOLUTION,3,Select,ShadowPlay,Premium,29,Accessories,Player Card,0
Silhouette,Episode 07: EVOLUTION,3,Select,ShadowPlay,Premium,30,Weapon Skins,Ares,0
Silhouette,Episode 07: EVOLUTION,3,Select,ShadowPlay,Premium,37,Accessories,Gun Buddy,0
Silhouette,Episode 07: EVOLUTION,3,Select,ShadowPlay,Premium,40,Weapon Skins,Guardian,0
Sandswept,Episode 07: EVOLUTION,3,Deluxe,TravelerFantasy,Premium,6,Accessories,Spray,0
Sandswept,Episode 07: EVOLUTION,3,Deluxe,TravelerFantasy,Premium,9,Accessories,Player Card,0
Sandswept,Episode 07: EVOLUTION,3,Deluxe,TravelerFantasy,Premium,10,Weapon Skins,Marshal,3
Sandswept,Episode 07: EVOLUTION,3,Deluxe,TravelerFantasy,Premium,20,Weapon Skins,Spectre,3
Sandswept,Episode 07: EVOLUTION,3,Deluxe,TravelerFantasy,Premium,23,Accessories,Gun Buddy,0
Sandswept,Episode 07: EVOLUTION,3,Deluxe,TravelerFantasy,Premium,45,Weapon Skins,Vandal,3
Sandswept,Episode 07: EVOLUTION,3,Deluxe,TravelerFantasy,Premium,50,Weapon Skins,Melee,3
Sandswept,Episode 07: EVOLUTION,3,Deluxe,TravelerFantasy,Free,50,Weapon Skins,Sheriff,3
Fiber Optic,Episode 08: DEFIANCE,1,Select,Acrylic,Premium,1,Weapon Skins,Classic,3
Fiber Optic,Episode 08: DEFIANCE,1,Select,Acrylic,Premium,16,Weapon Skins,Spectre,3
Fiber Optic,Episode 08: DEFIANCE,1,Select,Acrylic,Premium,31,Accessories,Player Card,0
Fiber Optic,Episode 08: DEFIANCE,1,Select,Acrylic,Premium,35,Weapon Skins,Marshal,3
Fiber Optic,Episode 08: DEFIANCE,1,Select,Acrylic,Free,50,Weapon Skins,Ghost,3
Tactiplay,Episode 08: DEFIANCE,1,Select,Chibi,Premium,9,Accessories,Player Card,0
Tactiplay,Episode 08: DEFIANCE,1,Select,Chibi,Premium,10,Weapon Skins,Stinger,0
Tactiplay,Episode 08: DEFIANCE,1,Select,Chibi,Premium,20,Weapon Skins,Odin,0
Tactiplay,Episode 08: DEFIANCE,1,Select,Chibi,Premium,25,Weapon Skins,Phantom,0
Tactiplay,Episode 08: DEFIANCE,1,Select,Chibi,Premium,36,Accessories,Spray,0
Tactiplay,Episode 08: DEFIANCE,1,Select,Chibi,Premium,40,Weapon Skins,Bulldog,0
Guardrail,Episode 08: DEFIANCE,1,Deluxe,IndustrialX,Premium,5,Weapon Skins,Shorty,0
Guardrail,Episode 08: DEFIANCE,1,Deluxe,IndustrialX,Premium,11,Accessories,Player Card,0
Guardrail,Episode 08: DEFIANCE,1,Deluxe,IndustrialX,Premium,15,Weapon Skins,Frenzy,0
Guardrail,Episode 08: DEFIANCE,1,Deluxe,IndustrialX,Premium,35,Weapon Skins,Guardian,0
Guardrail,Episode 08: DEFIANCE,1,Deluxe,IndustrialX,Premium,45,Weapon Skins,Vandal,0
Guardrail,Episode 08: DEFIANCE,1,Deluxe,IndustrialX,Premium,50,Weapon Skins,Melee,0
Aquatica,Episode 08: DEFIANCE,2,Select,Jellyfish,Premium,1,Weapon Skins,Shorty,0
Aquatica,Episode 08: DEFIANCE,2,Select,Jellyfish,Premium,4,Accessories,Player Card,0
Aquatica,Episode 08: DEFIANCE,2,Select,Jellyfish,Premium,12,Accessories,Spray,0
Aquatica,Episode 08: DEFIANCE,2,Select,Jellyfish,Premium,14,Accessories,Gun Buddy,0
Aquatica,Episode 08: DEFIANCE,2,Select,Jellyfish,Premium,15,Weapon Skins,Stinger,0
Aquatica,Episode 08: DEFIANCE,2,Select,Jellyfish,Premium,20,Weapon Skins,Ares,0
Aquatica,Episode 08: DEFIANCE,2,Select,Jellyfish,Premium,35,Weapon Skins,Outlaw,0
Retrowave,Episode 08: DEFIANCE,2,Select,Jetski,Premium,9,Accessories,Spray,0
Retrowave,Episode 08: DEFIANCE,2,Select,Jetski,Premium,10,Weapon Skins,Bucky,3
Retrowave,Episode 08: DEFIANCE,2,Select,Jetski,Premium,25,Weapon Skins,Operator,3
Retrowave,Episode 08: DEFIANCE,2,Select,Jetski,Premium,37,Accessories,Gun Buddy,0
Retrowave,Episode 08: DEFIANCE,2,Select,Jetski,Premium,40,Weapon Skins,Bulldog,3
Retrowave,Episode 08: DEFIANCE,2,Select,Jetski,Premium,50,Weapon Skins,Sheriff,3
Shellspire,Episode 08: DEFIANCE,2,Deluxe,Shellfish,Premium,2,Accessories,Gun Buddy,0
Shellspire,Episode 08: DEFIANCE,2,Deluxe,Shellfish,Premium,5,Weapon Skins,Frenzy,0
Shellspire,Episode 08: DEFIANCE,2,Deluxe,Shellfish,Premium,16,Weapon Skins,Spectre,0
Shellspire,Episode 08: DEFIANCE,2,Deluxe,Shellfish,Premium,17,Accessories,Player Card,0
Shellspire,Episode 08: DEFIANCE,2,Deluxe,Shellfish,Premium,30,Weapon Skins,Guardian,0
Shellspire,Episode 08: DEFIANCE,2,Deluxe,Shellfish,Premium,43,Accessories,Spray,0
Shellspire,Episode 08: DEFIANCE,2,Deluxe,Shellfish,Premium,45,Weapon Skins,Phantom,0
Shellspire,Episode 08: DEFIANCE,2,Deluxe,Shellfish,Premium,50,Weapon Skins,Melee,0
Cloudweaver,Episode 08: DEFIANCE,3,Select,Tattoo,Premium,4,Accessories,Player Card,0
Cloudweaver,Episode 08: DEFIANCE,3,Select,Tattoo,Premium,5,Weapon Skins,Shorty,0
Cloudweaver,Episode 08: DEFIANCE,3,Select,Tattoo,Premium,12,Accessories,Spray,0
Cloudweaver,Episode 08: DEFIANCE,3,Select,Tattoo,Premium,20,Weapon Skins,Stinger,0
Cloudweaver,Episode 08: DEFIANCE,3,Select,Tattoo,Premium,25,Weapon Skins,Outlaw,0
Cloudweaver,Episode 08: DEFIANCE,3,Select,Tattoo,Premium,40,Weapon Skins,Sheriff,0
Tacti-Series,Episode 08: DEFIANCE,3,Select,Manga,Premium,1,Weapon Skins,Classic,0
Tacti-Series,Episode 08: DEFIANCE,3,Select,Manga,Premium,7,Accessories,Spray,0
Tacti-Series,Episode 08: DEFIANCE,3,Select,Manga,Premium,10,Weapon Skins,Frenzy,0
Tacti-Series,Episode 08: DEFIANCE,3,Select,Manga,Premium,16,Weapon Skins,Guardian,0
Tacti-Series,Episode 08: DEFIANCE,3,Select,Manga,Premium,29,Accessories,Player Card,0
Tacti-Series,Episode 08: DEFIANCE,3,Select,Manga,Premium,30,Weapon Skins,Marshal,0
Comet,Episode 08: DEFIANCE,3,Deluxe,Comet,Premium,14,Accessories,Gun Buddy,0
Comet,Episode 08: DEFIANCE,3,Deluxe,Comet,Premium,15,Weapon Skins,Spectre,3
Comet,Episode 08: DEFIANCE,3,Deluxe,Comet,Premium,17,Accessories,Player Card,0
Comet,Episode 08: DEFIANCE,3,Deluxe,Comet,Premium,18,Accessories,Spray,0
Comet,Episode 08: DEFIANCE,3,Deluxe,Comet,Premium,35,Weapon Skins,Odin,3
Comet,Episode 08: DEFIANCE,3,Deluxe,Comet,Premium,45,Weapon Skins,Vandal,3
Comet,Episode 08: DEFIANCE,3,Deluxe,Comet,Premium,50,Weapon Skins,Melee,3
Comet,Episode 08: DEFIANCE,3,Deluxe,Comet,Free,50,Weapon Skins,Ghost,3
Bumble Brigade,Episode 09: COLLISION,1,Select,BeeaTeam,Premium,1,Weapon Skins,Ghost,0
Bumble Brigade,Episode 09: COLLISION,1,Select,BeeaTeam,Premium,11,Accessories,Player Card,0
Bumble Brigade,Episode 09: COLLISION,1,Select,BeeaTeam,Premium,14,Accessories,Gun Buddy,0
Bumble Brigade,Episode 09: COLLISION,1,Select,BeeaTeam,Premium,15,Weapon Skins,Ares,0
Bumble Brigade,Episode 09: COLLISION,1,Select,BeeaTeam,Premium,20,Weapon Skins,Judge,0
Bumble Brigade,Episode 09: COLLISION,1,Select,BeeaTeam,Premium,34,Accessories,Spray,0
Bumble Brigade,Episode 09: COLLISION,1,Select,BeeaTeam,Premium,40,Weapon Skins,Bulldog,0
Convergence,Episode 09: COLLISION,1,Select,YinYang,Premium,2,Accessories,Gun Buddy,0
Convergence,Episode 09: COLLISION,1,Select,YinYang,Premium,4,Accessories,Player Card,0
Convergence,Episode 09: COLLISION,1,Select,YinYang,Premium,5,Weapon Skins,Frenzy,0
Convergence,Episode 09: COLLISION,1,Select,YinYang,Premium,16,Weapon Skins,Stinger,0
Convergence,Episode 09: COLLISION,1,Select,YinYang,Premium,18,Accessories,Spray,0
Convergence,Episode 09: COLLISION,1,Select,YinYang,Premium,30,Weapon Skins,Marshal,0
Convergence,Episode 09: COLLISION,1,Select,YinYang,Premium,45,Weapon Skins,Phantom,0
Bubble Pop,Episode 09: COLLISION,1,Deluxe,Idol,Premium,10,Weapon Skins,Judge,1
Bubble Pop,Episode 09: COLLISION,1,Deluxe,Idol,Premium,25,Weapon Skins,Vandal,1
Bubble Pop,Episode 09: COLLISION,1,Deluxe,Idol,Premium,31,Accessories,Player Card,0
Bubble Pop,Episode 09: COLLISION,1,Deluxe,Idol,Premium,33,Accessories,Gun Buddy,0
Bubble Pop,Episode 09: COLLISION,1,Deluxe,Idol,Premium,34,Accessories,Spray,0
Bubble Pop,Episode 09: COLLISION,1,Deluxe,Idol,Premium,35,Weapon Skins,Guardian,1
Bubble Pop,Episode 09: COLLISION,1,Deluxe,Idol,Premium,50,Weapon Skins,Melee,1
Bubble Pop,Episode 09: COLLISION,1,Deluxe,Idol,Free,50,Weapon Skins,Classic,1
Yoonseul,Episode 09: COLLISION,2,Select,Jinju,Premium,1,Weapon Skins,Classic,0
Yoonseul,Episode 09: COLLISION,2,Select,Jinju,Premium,6,Accessories,Spray,0
Yoonseul,Episode 09: COLLISION,2,Select,Jinju,Premium,10,Weapon Skins,Ares,0
Yoonseul,Episode 09: COLLISION,2,Select,Jinju,Premium,17,Accessories,Player Card,0
Yoonseul,Episode 09: COLLISION,2,Select,Jinju,Premium,18,Accessories,Spray,0
Yoonseul,Episode 09: COLLISION,2,Select,Jinju,Premium,20,Weapon Skins,Spectre,0
Yoonseul,Episode 09: COLLISION,2,Select,Jinju,Premium,33,Accessories,Gun Buddy,0
Yoonseul,Episode 09: COLLISION,2,Select,Jinju,Premium,34,Accessories,Spray,0
Yoonseul,Episode 09: COLLISION,2,Select,Jinju,Premium,35,Weapon Skins,Guardian,0
Frequency,Episode 09: COLLISION,2,Select,Analog,Premium,2,Accessories,Gun Buddy,0
Frequency,Episode 09: COLLISION,2,Select,Analog,Premium,4,Accessories,Player Card,0
Frequency,Episode 09: COLLISION,2,Select,Analog,Premium,5,Weapon Skins,Ghost,0
Frequency,Episode 09: COLLISION,2,Select,Analog,Premium,16,Weapon Skins,Bucky,0
Frequency,Episode 09: COLLISION,2,Select,Analog,Premium,25,Weapon Skins,Operator,0
Frequency,Episode 09: COLLISION,2,Select,Analog,Premium,36,Accessories,Spray,0
Frequency,Episode 09: COLLISION,2,Select,Analog,Premium,40,Weapon Skins,Bulldog,0
Overlay,Episode 09: COLLISION,2,Deluxe,Cartridge,Premium,9,Accessories,Player Card,0
Overlay,Episode 09: COLLISION,2,Deluxe,Cartridge,Premium,15,Weapon Skins,Stinger,3
Overlay,Episode 09: COLLISION,2,Deluxe,Cartridge,Premium,23,Accessories,Gun Buddy,0
Overlay,Episode 09: COLLISION,2,Deluxe,Cartridge,Premium,24,Accessories,Spray,0
Overlay,Episode 09: COLLISION,2,Deluxe,Cartridge,Premium,30,Weapon Skins,Outlaw,3
Overlay,Episode 09: COLLISION,2,Deluxe,Cartridge,Premium,45,Weapon Skins,Phantom,3
Overlay,Episode 09: COLLISION,2,Deluxe,Cartridge,Premium,50,Weapon Skins,Melee,3
Overlay,Episode 09: COLLISION,2,Deluxe,Cartridge,Free,50,Weapon Skins,Sheriff,3
Bulletbox,Episode 09: COLLISION,3,Select,Counterculture,Premium,5,Weapon Skins,Frenzy,0
Bulletbox,Episode 09: COLLISION,3,Select,Counterculture,Premium,10,Weapon Skins,Bulldog,0
Bulletbox,Episode 09: COLLISION,3,Select,Counterculture,Premium,16,Weapon Skins,Bucky,0
Bulletbox,Episode 09: COLLISION,3,Select,Counterculture,Premium,33,Accessories,Gun Buddy,0
Bulletbox,Episode 09: COLLISION,3,Select,Counterculture,Premium,34,Accessories,Spray,0
Bulletbox,Episode 09: COLLISION,3,Select,Counterculture,Premium,35,Weapon Skins,Guardian,0
Bulletbox,Episode 09: COLLISION,3,Select,Counterculture,Premium,38,Accessories,Player Card,0
Nanobreak,Episode 09: COLLISION,3,Select,Graphic,Premium,9,Accessories,Player Card,0
Nanobreak,Episode 09: COLLISION,3,Select,Graphic,Premium,12,Accessories,Spray,0
Nanobreak,Episode 09: COLLISION,3,Select,Graphic,Premium,14,Accessories,Gun Buddy,0
Nanobreak,Episode 09: COLLISION,3,Select,Graphic,Premium,15,Weapon Skins,Judge,0
Nanobreak,Episode 09: COLLISION,3,Select,Graphic,Premium,30,Weapon Skins,Odin,0
Nanobreak,Episode 09: COLLISION,3,Select,Graphic,Premium,45,Weapon Skins,Phantom,0
Nanobreak,Episode 09: COLLISION,3,Select,Graphic,Free,50,Weapon Skins,Sheriff,0
Torque,Episode 09: COLLISION,3,Deluxe,SmoothEngine,Premium,1,Weapon Skins,Classic,3
Torque,Episode 09: COLLISION,3,Deluxe,SmoothEngine,Premium,17,Accessories,Player Card,0
Torque,Episode 09: COLLISION,3,Deluxe,SmoothEngine,Premium,18,Accessories,Spray,0
Torque,Episode 09: COLLISION,3,Deluxe,SmoothEngine,Premium,20,Weapon Skins,Spectre,3
Torque,Episode 09: COLLISION,3,Deluxe,SmoothEngine,Premium,25,Weapon Skins,Operator,3
Torque,Episode 09: COLLISION,3,Deluxe,SmoothEngine,Premium,40,Weapon Skins,Vandal,3
Torque,Episode 09: COLLISION,3,Deluxe,SmoothEngine,Premium,47,Accessories,Gun Buddy,0
Torque,Episode 09: COLLISION,3,Deluxe,SmoothEngine,Premium,50,Weapon Skins,Melee,3
Moon Scout,V25,1,Select,Hieroglyphs,Premium,1,Weapon Skins,Sheriff,0
Moon Scout,V25,1,Select,Hieroglyphs,Premium,16,Weapon Skins,Bucky,0
Moon Scout,V25,1,Select,Hieroglyphs,Premium,26,Accessories,Spray,0
Moon Scout,V25,1,Select,Hieroglyphs,Premium,30,Weapon Skins,Outlaw,0
Moon Scout,V25,1,Select,Hieroglyphs,Premium,38,Accessories,Player Card,0
Moon Scout,V25,1,Select,Hieroglyphs,Premium,40,Weapon Skins,Guardian,0
Celestia,V25,1,Select,Speedboat,Premium,7,Accessories,Spray,0
Celestia,V25,1,Select,Speedboat,Premium,10,Weapon Skins,Stinger,3
Celestia,V25,1,Select,Speedboat,Premium,20,Weapon Skins,Spectre,3
Celestia,V25,1,Select,Speedboat,Free,29,Accessories,Player Card,0
Celestia,V25,1,Select,Speedboat,Premium,33,Accessories,Gun Buddy,0
Celestia,V25,1,Select,Speedboat,Premium,45,Weapon Skins,Operator,3
Celestia,V25,1,Select,Speedboat,Premium,50,Weapon Skins,Ghost,3
Hieroscape,V25,1,Deluxe,Hieroglyphs,Premium,5,Weapon Skins,Frenzy,0
Hieroscape,V25,1,Deluxe,Hieroglyphs,Premium,12,Accessories,Spray,0
Hieroscape,V25,1,Deluxe,Hieroglyphs,Premium,14,Accessories,Gun Buddy,0
Hieroscape,V25,1,Deluxe,Hieroglyphs,Premium,15,Weapon Skins,Ares,0
Hieroscape,V25,1,Deluxe,Hieroglyphs,Premium,25,Weapon Skins,Phantom,0
Hieroscape,V25,1,Deluxe,Hieroglyphs,Premium,31,Accessories,Player Card,0
Hieroscape,V25,1,Deluxe,Hieroglyphs,Premium,35,Weapon Skins,Bulldog,0
Hieroscape,V25,1,Deluxe,Hieroglyphs,Premium,50,Weapon Skins,Melee,0
Refractrix,V25,2,Select,Stylistic,Premium,1,Weapon Skins,Classic,0
Refractrix,V25,2,Select,Stylistic,Premium,2,Accessories,Gun Buddy,0
Refractrix,V25,2,Select,Stylistic,Premium,15,Weapon Skins,Stinger,0
Refractrix,V25,2,Select,Stylistic,Premium,18,Accessories,Spray,0
Refractrix,V25,2,Select,Stylistic,Premium,20,Weapon Skins,Guardian,0
Doom Wing,V25,2,Select,CuteButLethal,Premium,5,Weapon Skins,Shorty,0
Doom Wing,V25,2,Select,CuteButLethal,Premium,16,Weapon Skins,Marshal,0
Doom Wing,V25,2,Select,CuteButLethal,Premium,28,Accessories,Spray,0
Doom Wing,V25,2,Select,CuteButLethal,Premium,30,Weapon Skins,Odin,0
Doom Wing,V25,2,Select,CuteButLethal,Premium,37,Accessories,Gun Buddy,0
Doom Wing,V25,2,Select,CuteButLethal,Premium,38,Accessories,Player Card,0
Doom Wing,V25,2,Select,CuteButLethal,Premium,40,Weapon Skins,Phantom,0
Byteshift,V25,2,Deluxe,Sleek,Premium,10,Weapon Skins,Judge,3
Byteshift,V25,2,Deluxe,Sleek,Premium,24,Accessories,Spray,0
Byteshift,V25,2,Deluxe,Sleek,Premium,25,Weapon Skins,Vandal,3
Byteshift,V25,2,Deluxe,Sleek,Premium,31,Accessories,Player Card,0
Byteshift,V25,2,Deluxe,Sleek,Premium,33,Accessories,Gun Buddy,0
Byteshift,V25,2,Deluxe,Sleek,Premium,35,Weapon Skins,Outlaw,3
Byteshift,V25,2,Deluxe,Sleek,Premium,50,Weapon Skins,Melee,3
Byteshift,V25,2,Deluxe,Sleek,Free,50,Weapon Skins,Ghost,3
