Collection,Release Patch,Edition,Codename,Bundle Price,Individual Price,Cosmetic Type,Item,Upgrade,Variant,,,,
Convex,1.0,Select,Triangles,-,875,Weapon Skins,Sheriff,0,0,,,,
Convex,1.0,Select,Triangles,-,875,Weapon Skins,Spectre,0,0,,,,
Convex,1.0,Select,Triangles,-,875,Weapon Skins,Judge,0,0,,,,
Convex,1.0,Select,Triangles,-,875,Weapon Skins,Bulldog,0,0,,,,
Convex,1.0,Select,Triangles,-,875,Weapon Skins,Operator,0,0,,,,
Rush,1.0,Select,Electroflux,-,875,Weapon Skins,Frenzy,0,0,,,,
Rush,1.0,Select,Electroflux,-,875,Weapon Skins,Judge,0,0,,,,
Rush,1.0,Select,Electroflux,-,875,Weapon Skins,Bulldog,0,0,,,,
Rush,1.0,Select,Electroflux,-,875,Weapon Skins,Phantom,0,0,,,,
Rush,1.0,Select,Electroflux,-,875,Weapon Skins,Ares,0,0,,,,
Galleria,1.0,Select,Murals,-,875,Weapon Skins,Classic,0,0,,,,
Galleria,1.0,Select,Murals,-,875,Weapon Skins,Bucky,0,0,,,,
Galleria,1.0,Select,Murals,-,875,Weapon Skins,Guardian,0,0,,,,
Galleria,1.0,Select,Murals,-,875,Weapon Skins,Phantom,0,0,,,,
Galleria,1.0,Select,Murals,-,875,Weapon Skins,Marshal,0,0,,,,
Luxe,1.0,Select,Luxury,-,875,Weapon Skins,Ghost,0,0,,,,
Luxe,1.0,Select,Luxury,-,875,Weapon Skins,Spectre,0,0,,,,
Luxe,1.0,Select,Luxury,-,875,Weapon Skins,Judge,0,0,,,,
Luxe,1.0,Select,Luxury,-,875,Weapon Skins,Vandal,0,0,,,,
Luxe,1.0,Select,Luxury,-,875,Weapon Skins,Operator,0,0,,,,
Luxe,1.0,Select,Luxury,-,875,Weapon Skins,Melee,0,0,,,,
Aristocrat,1.0,Deluxe,ArtDeco,-,1275,Weapon Skins,Sheriff,0,0,,,,
Aristocrat,1.0,Deluxe,ArtDeco,-,1275,Weapon Skins,Stinger,0,0,,,,
Aristocrat,1.0,Deluxe,ArtDeco,-,1275,Weapon Skins,Bulldog,0,0,,,,
Aristocrat,1.0,Deluxe,ArtDeco,-,1275,Weapon Skins,Vandal,0,0,,,,
Aristocrat,1.0,Deluxe,ArtDeco,-,1275,Weapon Skins,Ares,0,0,,,,
Avalanche,1.0,Deluxe,Ice,-,1275,Weapon Skins,Classic,0,0,,,,
Avalanche,1.0,Deluxe,Ice,-,1275,Weapon Skins,Spectre,0,0,,,,
Avalanche,1.0,Deluxe,Ice,-,1275,Weapon Skins,Phantom,0,0,,,,
Avalanche,1.0,Deluxe,Ice,-,1275,Weapon Skins,Vandal,0,0,,,,
Avalanche,1.0,Deluxe,Ice,-,1275,Weapon Skins,Marshal,0,0,,,,
Prime,1.0,Premium,Hypebeast,7100,1775,Weapon Skins,Classic,4,3,,,,
Prime,1.0,Premium,Hypebeast,7100,1775,Weapon Skins,Spectre,4,3,,,,
Prime,1.0,Premium,Hypebeast,7100,1775,Weapon Skins,Guardian,4,3,,,,
Prime,1.0,Premium,Hypebeast,7100,1775,Weapon Skins,Vandal,4,3,,,,
Prime,1.0,Premium,Hypebeast,7100,3550,Weapon Skins,Melee,2,3,,,,
Prime,1.0,Premium,Hypebeast,7100,475,Accessories,Gun Buddy,0,0,,,,
Prime,1.0,Premium,Hypebeast,7100,375,Accessories,Player Card,0,0,,,,
Prime,1.0,Premium,Hypebeast,7100,325,Accessories,Spray,0,0,,,,
Sovereign,1.01,Premium,Sovereign,7100,1775,Weapon Skins,Ghost,4,3,,,,
Sovereign,1.01,Premium,Sovereign,7100,1775,Weapon Skins,Stinger,4,3,,,,
Sovereign,1.01,Premium,Sovereign,7100,1775,Weapon Skins,Guardian,4,3,,,,
Sovereign,1.01,Premium,Sovereign,7100,1775,Weapon Skins,Marshal,4,3,,,,
Sovereign,1.01,Premium,Sovereign,7100,3550,Weapon Skins,Melee,2,0,,,,
Sovereign,1.01,Premium,Sovereign,7100,475,Accessories,Gun Buddy,0,0,,,,
Sovereign,1.01,Premium,Sovereign,7100,375,Accessories,Player Card,0,0,,,,
Sovereign,1.01,Premium,Sovereign,7100,325,Accessories,Spray,0,0,,,,
Prism,1.02,Deluxe,Iridescence,5100,1275,Weapon Skins,Ghost,0,0,,,,
Prism,1.02,Deluxe,Iridescence,5100,1275,Weapon Skins,Spectre,0,0,,,,
Prism,1.02,Deluxe,Iridescence,5100,1275,Weapon Skins,Phantom,0,0,,,,
Prism,1.02,Deluxe,Iridescence,5100,1275,Weapon Skins,Operator,0,0,,,,
Prism,1.02,Deluxe,Iridescence,5100,1275,Weapon Skins,Ares,0,0,,,,
Prism,1.02,Deluxe,Iridescence,5100,2550,Weapon Skins,Melee,0,0,,,,
Elderflame,1.03,Ultra,Dragon,9900,2475,Weapon Skins,Frenzy,3,3,,,,
Elderflame,1.03,Ultra,Dragon,9900,2475,Weapon Skins,Judge,3,3,,,,
Elderflame,1.03,Ultra,Dragon,9900,2475,Weapon Skins,Vandal,3,3,,,,
Elderflame,1.03,Ultra,Dragon,9900,2475,Weapon Skins,Operator,3,3,,,,
Elderflame,1.03,Ultra,Dragon,9900,4950,Weapon Skins,Melee,2,0,,,,
Elderflame,1.03,Ultra,Dragon,9900,475,Accessories,Gun Buddy,0,0,,,,
Elderflame,1.03,Ultra,Dragon,9900,375,Accessories,Player Card,0,0,,,,
Elderflame,1.03,Ultra,Dragon,9900,325,Accessories,Spray,0,0,,,,
Oni,1.04,Premium,Oni,7100,1775,Weapon Skins,Shorty,4,3,,,,
Oni,1.04,Premium,Oni,7100,1775,Weapon Skins,Bucky,4,3,,,,
Oni,1.04,Premium,Oni,7100,1775,Weapon Skins,Guardian,4,3,,,,
Oni,1.04,Premium,Oni,7100,1775,Weapon Skins,Phantom,4,3,,,,
Oni,1.04,Premium,Oni,7100,3550,Weapon Skins,Melee,2,0,,,,
Oni,1.04,Premium,Oni,7100,475,Accessories,Gun Buddy,0,0,,,,
Oni,1.04,Premium,Oni,7100,375,Accessories,Player Card,0,0,,,,
Oni,1.04,Premium,Oni,7100,325,Accessories,Spray,0,0,,,,
Glitchpop,1.05,Exclusive,Cyberpunk,8700,2175,Weapon Skins,Frenzy,4,3,,,,
Glitchpop,1.05,Exclusive,Cyberpunk,8700,2175,Weapon Skins,Judge,4,3,,,,
Glitchpop,1.05,Exclusive,Cyberpunk,8700,2175,Weapon Skins,Bulldog,4,3,,,,
Glitchpop,1.05,Exclusive,Cyberpunk,8700,2175,Weapon Skins,Odin,4,3,,,,
Glitchpop,1.05,Exclusive,Cyberpunk,8700,4350,Weapon Skins,Melee,2,0,,,,
Glitchpop,1.05,Exclusive,Cyberpunk,8700,475,Accessories,Gun Buddy,0,0,,,,
Glitchpop,1.05,Exclusive,Cyberpunk,8700,375,Accessories,Player Card,0,0,,,,
Glitchpop,1.05,Exclusive,Cyberpunk,8700,325,Accessories,Spray,0,0,,,,
Nebula,1.06,Premium,Cosmos,7100,1775,Weapon Skins,Sheriff,0,0,,,,
Nebula,1.06,Premium,Cosmos,7100,1775,Weapon Skins,Guardian,0,0,,,,
Nebula,1.06,Premium,Cosmos,7100,1775,Weapon Skins,Phantom,0,0,,,,
Nebula,1.06,Premium,Cosmos,7100,1775,Weapon Skins,Ares,0,0,,,,
Nebula,1.06,Premium,Cosmos,7100,3550,Weapon Skins,Melee,0,0,,,,
Spline,1.07,Premium,MagicSpline,7100,1775,Weapon Skins,Classic,0,3,,,,
Spline,1.07,Premium,MagicSpline,7100,1775,Weapon Skins,Spectre,0,3,,,,
Spline,1.07,Premium,MagicSpline,7100,1775,Weapon Skins,Phantom,0,3,,,,
Spline,1.07,Premium,MagicSpline,7100,1775,Weapon Skins,Operator,0,3,,,,
Spline,1.07,Premium,MagicSpline,7100,3550,Weapon Skins,Melee,0,3,,,,
Spline,1.07,Premium,MagicSpline,7100,475,Accessories,Gun Buddy,0,0,,,,
Spline,1.07,Premium,MagicSpline,7100,375,Accessories,Player Card,0,0,,,,
Spline,1.07,Premium,MagicSpline,7100,325,Accessories,Spray,0,0,,,,
Smite,1.08,Select,Lightning,3500,875,Weapon Skins,Classic,0,0,,,,
Smite,1.08,Select,Lightning,3500,875,Weapon Skins,Judge,0,0,,,,
Smite,1.08,Select,Lightning,3501,875,Weapon Skins,Phantom,0,0,,,,
Smite,1.08,Select,Lightning,3502,875,Weapon Skins,Odin,0,0,,,,
Smite,1.08,Select,Lightning,3503,1750,Weapon Skins,Melee,0,0,,,,
Ego,1.08,Premium,Unstoppable,7100,1775,Weapon Skins,Ghost,0,3,,,,
Ego,1.08,Premium,Unstoppable,7100,1775,Weapon Skins,Stinger,0,3,,,,
Ego,1.08,Premium,Unstoppable,7100,1775,Weapon Skins,Guardian,0,3,,,,
Ego,1.08,Premium,Unstoppable,7100,1775,Weapon Skins,Vandal,0,3,,,,
Ego,1.08,Premium,Unstoppable,7100,3550,Weapon Skins,Melee,0,3,,,,
Ego,1.08,Premium,Unstoppable,7100,475,Accessories,Gun Buddy,0,0,,,,
Ego,1.08,Premium,Unstoppable,7100,375,Accessories,Player Card,0,0,,,,
Ego,1.08,Premium,Unstoppable,7100,325,Accessories,Spray,0,0,,,,
Gravitational Uranium Neuroblaster,1.09,Premium,Raygun,7100,1775,Weapon Skins,Classic,2,3,,,,
Gravitational Uranium Neuroblaster,1.09,Premium,Raygun,7100,1775,Weapon Skins,Spectre,2,3,,,,
Gravitational Uranium Neuroblaster,1.09,Premium,Raygun,7100,1775,Weapon Skins,Bucky,2,3,,,,
Gravitational Uranium Neuroblaster,1.09,Premium,Raygun,7100,1775,Weapon Skins,Operator,2,3,,,,
Gravitational Uranium Neuroblaster,1.09,Premium,Raygun,7100,3550,Weapon Skins,Melee,2,0,,,,
Gravitational Uranium Neuroblaster,1.09,Premium,Raygun,7100,475,Accessories,Gun Buddy,0,0,,,,
Gravitational Uranium Neuroblaster,1.09,Premium,Raygun,7100,375,Accessories,Player Card,0,0,,,,
Gravitational Uranium Neuroblaster,1.09,Premium,Raygun,7100,325,Accessories,Spray,0,0,,,,
Singularity,1.10,Exclusive,Edge,8700,2175,Weapon Skins,Sheriff,4,3,,,,
Singularity,1.10,Exclusive,Edge,8700,2175,Weapon Skins,Spectre,4,3,,,,
Singularity,1.10,Exclusive,Edge,8700,2175,Weapon Skins,Phantom,4,3,,,,
Singularity,1.10,Exclusive,Edge,8700,2175,Weapon Skins,Ares,4,3,,,,
Singularity,1.10,Exclusive,Edge,8700,4350,Weapon Skins,Melee,2,0,,,,
Singularity,1.10,Exclusive,Edge,8700,475,Accessories,Gun Buddy,0,0,,,,
Singularity,1.10,Exclusive,Edge,8700,375,Accessories,Player Card,0,0,,,,
Singularity,1.10,Exclusive,Edge,8700,325,Accessories,Spray,0,0,,,,
Reaver,1.11,Premium,Soulstealer,7100,1775,Weapon Skins,Sheriff,4,3,,,,
Reaver,1.11,Premium,Soulstealer,7100,1775,Weapon Skins,Guardian,4,3,,,,
Reaver,1.11,Premium,Soulstealer,7100,1775,Weapon Skins,Vandal,4,3,,,,
Reaver,1.11,Premium,Soulstealer,7100,1775,Weapon Skins,Operator,4,3,,,,
Reaver,1.11,Premium,Soulstealer,7100,3550,Weapon Skins,Melee,2,0,,,,
Reaver,1.11,Premium,Soulstealer,7100,475,Accessories,Gun Buddy,0,0,,,,
Reaver,1.11,Premium,Soulstealer,7100,375,Accessories,Player Card,0,0,,,,
Reaver,1.11,Premium,Soulstealer,7100,325,Accessories,Spray,0,0,,,,
Sensation,1.12,Select,Rainbow,2930,875,Weapon Skins,Frenzy,0,0,,,,
Sensation,1.12,Select,Rainbow,2930,875,Weapon Skins,Stinger,0,0,,,,
Sensation,1.12,Select,Rainbow,2930,875,Weapon Skins,Judge,0,0,,,,
Sensation,1.12,Select,Rainbow,2930,875,Weapon Skins,Vandal,0,0,,,,
Sensation,1.12,Select,Rainbow,2930,875,Weapon Skins,Odin,0,0,,,,
Wasteland,1.12,Deluxe,Wasteland,4270,1275,Weapon Skins,Shorty,0,0,,,,
Wasteland,1.12,Deluxe,Wasteland,4270,1275,Weapon Skins,Sheriff,0,0,,,,
Wasteland,1.12,Deluxe,Wasteland,4270,1275,Weapon Skins,Spectre,0,0,,,,
Wasteland,1.12,Deluxe,Wasteland,4270,1275,Weapon Skins,Vandal,0,0,,,,
Wasteland,1.12,Deluxe,Wasteland,4270,1275,Weapon Skins,Marshal,0,0,,,,
Ion,1.12,Premium,Oblivion,7100,1775,Weapon Skins,Sheriff,4,0,,,,
Ion,1.12,Premium,Oblivion,7100,1775,Weapon Skins,Bucky,4,0,,,,
Ion,1.12,Premium,Oblivion,7100,1775,Weapon Skins,Phantom,4,0,,,,
Ion,1.12,Premium,Oblivion,7100,1775,Weapon Skins,Operator,4,0,,,,
Ion,1.12,Premium,Oblivion,7100,3550,Weapon Skins,Melee,2,0,,,,
Ion,1.12,Premium,Oblivion,7100,475,Accessories,Gun Buddy,0,0,,,,
Ion,1.12,Premium,Oblivion,7100,375,Accessories,Player Card,0,0,,,,
Ion,1.12,Premium,Oblivion,7100,325,Accessories,Spray,0,0,,,,
Winterwunderland,1.14,Deluxe,Winter,5100,1275,Weapon Skins,Ghost,0,0,,,,
Winterwunderland,1.14,Deluxe,Winter,5100,1275,Weapon Skins,Phantom,0,0,,,,
Winterwunderland,1.14,Deluxe,Winter,5100,1275,Weapon Skins,Vandal,0,0,,,,
Winterwunderland,1.14,Deluxe,Winter,5100,1275,Weapon Skins,Marshal,0,0,,,,
Winterwunderland,1.14,Deluxe,Winter,5100,2550,Weapon Skins,Melee,0,3,,,,
BlastX,1.14,Exclusive,Urf,8700,2175,Weapon Skins,Frenzy,4,3,,,,
BlastX,1.14,Exclusive,Urf,8700,2175,Weapon Skins,Spectre,4,3,,,,
BlastX,1.14,Exclusive,Urf,8700,2175,Weapon Skins,Phantom,4,3,,,,
BlastX,1.14,Exclusive,Urf,8700,2175,Weapon Skins,Odin,4,3,,,,
BlastX,1.14,Exclusive,Urf,8700,4350,Weapon Skins,Melee,2,3,,,,
BlastX,1.14,Exclusive,Urf,8700,475,Accessories,Gun Buddy,0,0,,,,
BlastX,1.14,Exclusive,Urf,8700,375,Accessories,Player Card,0,0,,,,
BlastX,1.14,Exclusive,Urf,8700,325,Accessories,Spray,0,0,,,,
Prism II,2.01,Select,Iridescence3,2930,875,Weapon Skins,Shorty,0,0,,,,
Prism II,2.01,Select,Iridescence3,2930,875,Weapon Skins,Sheriff,0,0,,,,
Prism II,2.01,Select,Iridescence3,2930,875,Weapon Skins,Stinger,0,0,,,,
Prism II,2.01,Select,Iridescence3,2930,875,Weapon Skins,Bucky,0,0,,,,
Prism II,2.01,Select,Iridescence3,2930,875,Weapon Skins,Vandal,0,0,,,,
Horizon,2.01,Deluxe,Horizon,4270,1275,Weapon Skins,Frenzy,0,0,,,,
Horizon,2.01,Deluxe,Horizon,4270,1275,Weapon Skins,Bucky,0,0,,,,
Horizon,2.01,Deluxe,Horizon,4270,1275,Weapon Skins,Spectre,0,0,,,,
Horizon,2.01,Deluxe,Horizon,4270,1275,Weapon Skins,Bulldog,0,0,,,,
Horizon,2.01,Deluxe,Horizon,4270,1275,Weapon Skins,Vandal,0,0,,,,
Glitchpop,2.02,Exclusive,Cyberpunk,8700,2175,Weapon Skins,Classic,4,3,,,,
Glitchpop,2.02,Exclusive,Cyberpunk,8700,2175,Weapon Skins,Phantom,4,3,,,,
Glitchpop,2.02,Exclusive,Cyberpunk,8700,2175,Weapon Skins,Vandal,4,3,,,,
Glitchpop,2.02,Exclusive,Cyberpunk,8700,2175,Weapon Skins,Operator,4,3,,,,
Glitchpop,2.02,Exclusive,Cyberpunk,8700,4350,Weapon Skins,Melee,2,0,,,,
Glitchpop,2.02,Exclusive,Cyberpunk,8700,475,Accessories,Gun Buddy,0,0,,,,
Glitchpop,2.02,Exclusive,Cyberpunk,8700,375,Accessories,Player Card,0,0,,,,
Glitchpop,2.02,Exclusive,Cyberpunk,8700,325,Accessories,Spray,0,0,,,,
Celestial,2.03,Premium,Lunar,7100,1775,Weapon Skins,Frenzy,0,0,,,,
Celestial,2.03,Premium,Lunar,7100,1775,Weapon Skins,Judge,0,0,,,,
Celestial,2.03,Premium,Lunar,7100,1775,Weapon Skins,Phantom,0,0,,,,
Celestial,2.03,Premium,Lunar,7100,1775,Weapon Skins,Ares,0,0,,,,
Celestial,2.03,Premium,Lunar,7100,3550,Weapon Skins,Melee,2,0,,,,
Celestial,2.03,Premium,Lunar,7100,475,Accessories,Gun Buddy,0,0,,,,
Celestial,2.03,Premium,Lunar,7100,375,Accessories,Player Card,0,0,,,,
Celestial,2.03,Premium,Lunar,7100,325,Accessories,Spray,0,0,,,,
VALORANT GO! Vol. 1,2.03,Premium,Anime,8855,1775,Weapon Skins,Ghost,0,0,,,,
VALORANT GO! Vol. 1,2.03,Premium,Anime,8855,1775,Weapon Skins,Spectre,0,0,,,,
VALORANT GO! Vol. 1,2.03,Premium,Anime,8855,1775,Weapon Skins,Guardian,0,0,,,,
VALORANT GO! Vol. 1,2.03,Premium,Anime,8855,1775,Weapon Skins,Phantom,0,0,,,,
VALORANT GO! Vol. 1,2.03,Premium,Anime,8855,3550,Weapon Skins,Melee,2,0,,,,
VALORANT GO! Vol. 1,2.03,Premium,Anime,8855,475,Accessories,Gun Buddy,0,0,,,,
VALORANT GO! Vol. 1,2.03,Premium,Anime,8855,475,Accessories,Gun Buddy,0,0,,,,
VALORANT GO! Vol. 1,2.03,Premium,Anime,8855,475,Accessories,Gun Buddy,0,0,,,,
VALORANT GO! Vol. 1,2.03,Premium,Anime,8855,475,Accessories,Gun Buddy,0,0,,,,
VALORANT GO! Vol. 1,2.03,Premium,Anime,8855,475,Accessories,Gun Buddy,0,0,,,,
VALORANT GO! Vol. 1,2.03,Premium,Anime,8855,375,Accessories,Player Card,0,0,,,,
VALORANT GO! Vol. 1,2.03,Premium,Anime,8855,375,Accessories,Player Card,0,0,,,,
VALORANT GO! Vol. 1,2.03,Premium,Anime,8855,375,Accessories,Player Card,0,0,,,,
VALORANT GO! Vol. 1,2.03,Premium,Anime,8855,375,Accessories,Player Card,0,0,,,,
VALORANT GO! Vol. 1,2.03,Premium,Anime,8855,375,Accessories,Player Card,0,0,,,,
VALORANT GO! Vol. 1,2.03,Premium,Anime,8855,325,Accessories,Spray,0,0,,,,
VALORANT GO! Vol. 1,2.03,Premium,Anime,8855,325,Accessories,Spray,0,0,,,,
VALORANT GO! Vol. 1,2.03,Premium,Anime,8855,325,Accessories,Spray,0,0,,,,
VALORANT GO! Vol. 1,2.03,Premium,Anime,8855,325,Accessories,Spray,0,0,,,,
VALORANT GO! Vol. 1,2.03,Premium,Anime,8855,325,Accessories,Spray,0,0,,,,
Prime//2.0,2.04,Premium,Hypebeast2,7100,1775,Weapon Skins,Frenzy,4,3,,,,
Prime//2.0,2.04,Premium,Hypebeast2,7100,1775,Weapon Skins,Bucky,4,3,,,,
Prime//2.0,2.04,Premium,Hypebeast2,7100,1775,Weapon Skins,Phantom,4,3,,,,
Prime//2.0,2.04,Premium,Hypebeast2,7100,1775,Weapon Skins,Odin,4,3,,,,
Prime//2.0,2.04,Premium,Hypebeast2,7100,3550,Weapon Skins,Melee,2,0,,,,
Prime//2.0,2.04,Premium,Hypebeast2,7100,475,Accessories,Gun Buddy,0,0,,,,
Prime//2.0,2.04,Premium,Hypebeast2,7100,375,Accessories,Player Card,0,0,,,,
Prime//2.0,2.04,Premium,Hypebeast2,7100,325,Accessories,Spray,0,0,,,,
Infantry,2.05,Select,Historical,2930,875,Weapon Skins,Ghost,0,0,,,,
Infantry,2.05,Select,Historical,2930,875,Weapon Skins,Spectre,0,0,,,,
Infantry,2.05,Select,Historical,2930,875,Weapon Skins,Guardian,0,0,,,,
Infantry,2.05,Select,Historical,2930,875,Weapon Skins,Operator,0,0,,,,
Infantry,2.05,Select,Historical,2930,875,Weapon Skins,Ares,0,0,,,,
Magepunk,2.06,Premium,Magepunk,7100,1775,Weapon Skins,Ghost,4,3,,,,
Magepunk,2.06,Premium,Magepunk,7100,1775,Weapon Skins,Spectre,4,3,,,,
Magepunk,2.06,Premium,Magepunk,7100,1775,Weapon Skins,Bucky,4,3,,,,
Magepunk,2.06,Premium,Magepunk,7100,1775,Weapon Skins,Marshal,4,3,,,,
Magepunk,2.06,Premium,Magepunk,7100,3550,Weapon Skins,Melee,2,3,,,,
Magepunk,2.06,Premium,Magepunk,7100,475,Accessories,Gun Buddy,0,0,,,,
Magepunk,2.06,Premium,Magepunk,7100,375,Accessories,Player Card,0,0,,,,
Magepunk,2.06,Premium,Magepunk,7100,325,Accessories,Spray,0,0,,,,
Silvanus,2.07,Deluxe,MysticForest,4270,1275,Weapon Skins,Sheriff,0,0,,,,
Silvanus,2.07,Deluxe,MysticForest,4270,1275,Weapon Skins,Stinger,0,0,,,,
Silvanus,2.07,Deluxe,MysticForest,4270,1275,Weapon Skins,Phantom,0,0,,,,
Silvanus,2.07,Deluxe,MysticForest,4270,1275,Weapon Skins,Vandal,0,0,,,,
Silvanus,2.07,Deluxe,MysticForest,4270,1275,Weapon Skins,Operator,0,0,,,,
Forsaken,2.08,Premium,Fallen,7100,1775,Weapon Skins,Classic,4,1,,,,
Forsaken,2.08,Premium,Fallen,7100,1775,Weapon Skins,Spectre,4,1,,,,
Forsaken,2.08,Premium,Fallen,7100,1775,Weapon Skins,Vandal,4,1,,,,
Forsaken,2.08,Premium,Fallen,7100,1775,Weapon Skins,Operator,4,1,,,,
Forsaken,2.08,Premium,Fallen,7100,3550,Weapon Skins,Melee,2,0,,,,
Forsaken,2.08,Premium,Fallen,7100,475,Accessories,Gun Buddy,0,0,,,,
Forsaken,2.08,Premium,Fallen,7100,375,Accessories,Player Card,0,0,,,,
Forsaken,2.08,Premium,Fallen,7100,325,Accessories,Spray,0,0,,,,
Minima,2.09,Deluxe,Minima,4270,1275,Weapon Skins,Sheriff,0,0,,,,
Minima,2.09,Deluxe,Minima,4270,1275,Weapon Skins,Spectre,0,0,,,,
Minima,2.09,Deluxe,Minima,4270,1275,Weapon Skins,Phantom,0,0,,,,
Minima,2.09,Deluxe,Minima,4270,1275,Weapon Skins,Operator,0,0,,,,
Minima,2.09,Deluxe,Minima,4270,1275,Weapon Skins,Ares,0,0,,,,
Tethered Realms,2.09,Premium,SovWorld,7100,1775,Weapon Skins,Ghost,0,0,,,,
Tethered Realms,2.09,Premium,SovWorld,7100,1775,Weapon Skins,Guardian,0,0,,,,
Tethered Realms,2.09,Premium,SovWorld,7100,1775,Weapon Skins,Vandal,0,0,,,,
Tethered Realms,2.09,Premium,SovWorld,7100,1775,Weapon Skins,Operator,0,0,,,,
Tethered Realms,2.09,Premium,SovWorld,7100,3550,Weapon Skins,Melee,0,0,,,,
Tethered Realms,2.09,Premium,SovWorld,7100,375,Accessories,Player Card,0,0,,,,
Tethered Realms,2.09,Premium,SovWorld,7100,375,Accessories,Player Card,0,0,,,,
Origin,2.11,Premium,Circle,7100,1775,Weapon Skins,Frenzy,4,3,,,,
Origin,2.11,Premium,Circle,7100,1775,Weapon Skins,Bucky,4,3,,,,
Origin,2.11,Premium,Circle,7100,1775,Weapon Skins,Vandal,4,3,,,,
Origin,2.11,Premium,Circle,7100,1775,Weapon Skins,Operator,4,3,,,,
Origin,2.11,Premium,Circle,7100,3550,Weapon Skins,Melee,2,0,,,,
Origin,2.11,Premium,Circle,7100,475,Accessories,Gun Buddy,0,0,,,,
Origin,2.11,Premium,Circle,7100,375,Accessories,Player Card,0,0,,,,
Origin,2.11,Premium,Circle,7100,325,Accessories,Spray,0,0,,,,
Ruination,3.01,Exclusive,King,8700,2175,Weapon Skins,Ghost,4,3,,,,
Ruination,3.01,Exclusive,King,8700,2175,Weapon Skins,Spectre,4,3,,,,
Ruination,3.01,Exclusive,King,8700,2175,Weapon Skins,Guardian,4,3,,,,
Ruination,3.01,Exclusive,King,8700,2175,Weapon Skins,Phantom,4,3,,,,
Ruination,3.01,Exclusive,King,8700,4350,Weapon Skins,Melee,2,3,,,,
Ruination,3.01,Exclusive,King,8700,475,Accessories,Gun Buddy,0,0,,,,
Ruination,3.01,Exclusive,King,8700,375,Accessories,Player Card,0,0,,,,
Ruination,3.01,Exclusive,King,8700,325,Accessories,Spray,0,0,,,,
Sentinels of Light,3.02,Exclusive,Sol,8700,2175,Weapon Skins,Sheriff,4,3,,,,
Sentinels of Light,3.02,Exclusive,Sol,8700,2175,Weapon Skins,Vandal,4,3,,,,
Sentinels of Light,3.02,Exclusive,Sol,8700,2175,Weapon Skins,Operator,4,3,,,,
Sentinels of Light,3.02,Exclusive,Sol,8700,2175,Weapon Skins,Ares,4,3,,,,
Sentinels of Light,3.02,Exclusive,Sol,8700,4350,Weapon Skins,Melee,2,3,,,,
Sentinels of Light,3.02,Exclusive,Sol,8700,475,Accessories,Gun Buddy,0,0,,,,
Sentinels of Light,3.02,Exclusive,Sol,8700,375,Accessories,Player Card,0,0,,,,
Sentinels of Light,3.02,Exclusive,Sol,8700,325,Accessories,Spray,0,0,,,,
Sakura,3.03,Deluxe,Sakura,4270,1275,Weapon Skins,Classic,0,0,,,,
Sakura,3.03,Deluxe,Sakura,4270,1275,Weapon Skins,Sheriff,0,0,,,,
Sakura,3.03,Deluxe,Sakura,4270,1275,Weapon Skins,Stinger,0,0,,,,
Sakura,3.03,Deluxe,Sakura,4270,1275,Weapon Skins,Vandal,0,0,,,,
Sakura,3.03,Deluxe,Sakura,4270,1275,Weapon Skins,Ares,0,0,,,,
Recon,3.04,Premium,SpecOps,7100,1775,Weapon Skins,Ghost,3,3,,,,
Recon,3.04,Premium,SpecOps,7100,1775,Weapon Skins,Spectre,4,3,,,,
Recon,3.04,Premium,SpecOps,7100,1775,Weapon Skins,Guardian,4,3,,,,
Recon,3.04,Premium,SpecOps,7100,1775,Weapon Skins,Phantom,4,3,,,,
Recon,3.04,Premium,SpecOps,7100,3550,Weapon Skins,Melee,2,3,,,,
Spectrum,3.05,Exclusive,Atlas,10700,2675,Weapon Skins,Classic,4,3,,,,
Spectrum,3.05,Exclusive,Atlas,10700,2675,Weapon Skins,Bulldog,4,3,,,,
Spectrum,3.05,Exclusive,Atlas,10700,2675,Weapon Skins,Guardian,4,3,,,,
Spectrum,3.05,Exclusive,Atlas,10700,2675,Weapon Skins,Phantom,4,3,,,,
Spectrum,3.05,Exclusive,Atlas,10700,5350,Weapon Skins,Melee,2,3,,,,
Spectrum,3.05,Exclusive,Atlas,10700,475,Accessories,Gun Buddy,0,0,,,,
Spectrum,3.05,Exclusive,Atlas,10700,475,Accessories,Gun Buddy,0,0,,,,
Spectrum,3.05,Exclusive,Atlas,10700,375,Accessories,Player Card,0,0,,,,
Spectrum,3.05,Exclusive,Atlas,10700,325,Accessories,Spray,0,0,,,,
VALORANT GO! Vol. 2,3.06,Premium,Anime1-1,8855,1775,Weapon Skins,Classic,0,0,,,,
VALORANT GO! Vol. 2,3.06,Premium,Anime1-1,8855,1775,Weapon Skins,Vandal,0,0,,,,
VALORANT GO! Vol. 2,3.06,Premium,Anime1-1,8855,1775,Weapon Skins,Operator,0,0,,,,
VALORANT GO! Vol. 2,3.06,Premium,Anime1-1,8855,1775,Weapon Skins,Ares,0,0,,,,
VALORANT GO! Vol. 2,3.06,Premium,Anime1-1,8855,3550,Weapon Skins,Melee,2,0,,,,
VALORANT GO! Vol. 2,3.06,Premium,Anime1-1,8855,475,Accessories,Gun Buddy,0,0,,,,
VALORANT GO! Vol. 2,3.06,Premium,Anime1-1,8855,475,Accessories,Gun Buddy,0,0,,,,
VALORANT GO! Vol. 2,3.06,Premium,Anime1-1,8855,475,Accessories,Gun Buddy,0,0,,,,
VALORANT GO! Vol. 2,3.06,Premium,Anime1-1,8855,475,Accessories,Gun Buddy,0,0,,,,
VALORANT GO! Vol. 2,3.06,Premium,Anime1-1,8855,475,Accessories,Gun Buddy,0,0,,,,
VALORANT GO! Vol. 2,3.06,Premium,Anime1-1,8855,375,Accessories,Player Card,0,0,,,,
VALORANT GO! Vol. 2,3.06,Premium,Anime1-1,8855,375,Accessories,Player Card,0,0,,,,
VALORANT GO! Vol. 2,3.06,Premium,Anime1-1,8855,375,Accessories,Player Card,0,0,,,,
VALORANT GO! Vol. 2,3.06,Premium,Anime1-1,8855,375,Accessories,Player Card,0,0,,,,
VALORANT GO! Vol. 2,3.06,Premium,Anime1-1,8855,375,Accessories,Player Card,0,0,,,,
VALORANT GO! Vol. 2,3.06,Premium,Anime1-1,8855,325,Accessories,Spray,0,0,,,,
VALORANT GO! Vol. 2,3.06,Premium,Anime1-1,8855,325,Accessories,Spray,0,0,,,,
VALORANT GO! Vol. 2,3.06,Premium,Anime1-1,8855,325,Accessories,Spray,0,0,,,,
VALORANT GO! Vol. 2,3.06,Premium,Anime1-1,8855,325,Accessories,Spray,0,0,,,,
VALORANT GO! Vol. 2,3.06,Premium,Anime1-1,8855,325,Accessories,Spray,0,0,,,,
RGX 11z Pro,3.07,Exclusive,Afterglow,8700,2175,Weapon Skins,Frenzy,5,3,,,,
RGX 11z Pro,3.07,Exclusive,Afterglow,8700,2175,Weapon Skins,Stinger,5,3,,,,
RGX 11z Pro,3.07,Exclusive,Afterglow,8700,2175,Weapon Skins,Guardian,5,3,,,,
RGX 11z Pro,3.07,Exclusive,Afterglow,8700,2175,Weapon Skins,Vandal,5,3,,,,
RGX 11z Pro,3.07,Exclusive,Afterglow,8700,4350,Weapon Skins,Melee,2,3,,,,
RGX 11z Pro,3.07,Exclusive,Afterglow,8700,475,Accessories,Gun Buddy,0,0,,,,
RGX 11z Pro,3.07,Exclusive,Afterglow,8700,375,Accessories,Player Card,0,0,,,,
RGX 11z Pro,3.07,Exclusive,Afterglow,8700,325,Accessories,Spray,0,0,,,,
Nunca Olvidados,3.08,Deluxe,LosMuertos,5100,1275,Weapon Skins,Frenzy,0,2,,,,
Nunca Olvidados,3.08,Deluxe,LosMuertos,5100,1275,Weapon Skins,Bulldog,0,2,,,,
Nunca Olvidados,3.08,Deluxe,LosMuertos,5100,1275,Weapon Skins,Vandal,0,2,,,,
Nunca Olvidados,3.08,Deluxe,LosMuertos,5100,1275,Weapon Skins,Ares,0,2,,,,
Nunca Olvidados,3.08,Deluxe,LosMuertos,5100,2550,Weapon Skins,Melee,0,2,,,,
Nunca Olvidados,3.08,Deluxe,LosMuertos,5100,375,Accessories,Player Card,0,0,,,,
Radiant Crisis 001,3.09,Premium,ComicBook,7100,1775,Weapon Skins,Classic,3,0,,,,
Radiant Crisis 001,3.09,Premium,ComicBook,7100,1775,Weapon Skins,Spectre,3,0,,,,
Radiant Crisis 001,3.09,Premium,ComicBook,7100,1775,Weapon Skins,Bucky,3,0,,,,
Radiant Crisis 001,3.09,Premium,ComicBook,7100,1775,Weapon Skins,Phantom,3,0,,,,
Arcane,3.09,Exclusive,XP1,2377,-,Weapon Skins,Sheriff,2,0,,,,
Arcane,3.09,Exclusive,XP1,2377,-,Accessories,Gun Buddy,0,0,,,,
Arcane,3.09,Exclusive,XP1,2377,-,Accessories,Player Card,0,0,,,,
Arcane,3.09,Exclusive,XP1,2377,-,Accessories,Player Title,0,0,,,,
Arcane,3.09,Exclusive,XP1,2377,-,Accessories,Spray,0,0,,,,
Magepunk,3.10,Premium,Magepunk,7100,1775,Weapon Skins,Sheriff,4,3,,,,
Magepunk,3.10,Premium,Magepunk,7100,1775,Weapon Skins,Guardian,4,3,,,,
Magepunk,3.10,Premium,Magepunk,7100,1775,Weapon Skins,Operator,4,3,,,,
Magepunk,3.10,Premium,Magepunk,7100,1775,Weapon Skins,Ares,4,3,,,,
Magepunk,3.10,Premium,Magepunk,7100,3550,Weapon Skins,Melee,2,3,,,,
Magepunk,3.10,Premium,Magepunk,7100,475,Accessories,Gun Buddy,0,0,,,,
Magepunk,3.10,Premium,Magepunk,7100,375,Accessories,Player Card,0,0,,,,
Magepunk,3.10,Premium,Magepunk,7100,325,Accessories,Spray,0,0,,,,
Snowfall,3.12,Deluxe,Snowglobe,5100,1275,Weapon Skins,Classic,0,0,,,,
Snowfall,3.12,Deluxe,Snowglobe,5100,1275,Weapon Skins,Judge,0,0,,,,
Snowfall,3.12,Deluxe,Snowglobe,5100,1275,Weapon Skins,Phantom,0,0,,,,
Snowfall,3.12,Deluxe,Snowglobe,5100,1275,Weapon Skins,Ares,0,0,,,,
Snowfall,3.12,Deluxe,Snowglobe,5100,2550,Weapon Skins,Melee,0,0,,,,
Snowfall,3.12,Deluxe,Snowglobe,5100,475,Accessories,Gun Buddy,0,0,,,,
Protocol 781-A,4.0,Ultra,Protocol,9900,2475,Weapon Skins,Sheriff,5,3,,,,
Protocol 781-A,4.0,Ultra,Protocol,9900,2475,Weapon Skins,Spectre,5,3,,,,
Protocol 781-A,4.0,Ultra,Protocol,9900,2475,Weapon Skins,Bulldog,5,3,,,,
Protocol 781-A,4.0,Ultra,Protocol,9900,2475,Weapon Skins,Phantom,5,3,,,,
Protocol 781-A,4.0,Ultra,Protocol,9900,4950,Weapon Skins,Melee,3,3,,,,
Protocol 781-A,4.0,Ultra,Protocol,9900,475,Accessories,Gun Buddy,0,0,,,,
Protocol 781-A,4.0,Ultra,Protocol,9900,375,Accessories,Player Card,0,0,,,,
Protocol 781-A,4.0,Ultra,Protocol,9900,325,Accessories,Spray,0,0,,,,
Team Ace,4.0,Deluxe,Flush,5616,1275,Weapon Skins,Frenzy,0,0,,,,
Team Ace,4.0,Deluxe,Flush,5616,1275,Weapon Skins,Judge,0,0,,,,
Team Ace,4.0,Deluxe,Flush,5616,1275,Weapon Skins,Phantom,0,0,,,,
Team Ace,4.0,Deluxe,Flush,5616,1275,Weapon Skins,Vandal,0,0,,,,
Team Ace,4.0,Deluxe,Flush,5616,1275,Weapon Skins,Operator,0,0,,,,
Team Ace,4.0,Deluxe,Flush,5616,475,Accessories,Gun Buddy,0,0,,,,
Team Ace,4.0,Deluxe,Flush,5616,375,Accessories,Player Card,0,0,,,,
Team Ace,4.0,Deluxe,Flush,5616,375,Accessories,Player Card,0,0,,,,
Team Ace,4.0,Deluxe,Flush,5616,375,Accessories,Player Card,0,0,,,,
Team Ace,4.0,Deluxe,Flush,5616,375,Accessories,Player Card,0,0,,,,
Team Ace,4.0,Deluxe,Flush,5616,375,Accessories,Player Card,0,0,,,,
Team Ace,4.0,Deluxe,Flush,5616,325,Accessories,Spray,0,0,,,,
Team Ace,4.0,Deluxe,Flush,5616,325,Accessories,Spray,0,0,,,,
Team Ace,4.0,Deluxe,Flush,5616,325,Accessories,Spray,0,0,,,,
Team Ace,4.0,Deluxe,Flush,5616,325,Accessories,Spray,0,0,,,,
Team Ace,4.0,Deluxe,Flush,5616,325,Accessories,Spray,0,0,,,,
Tigris,4.02,Deluxe,Tiger,5100,1275,Weapon Skins,Shorty,0,0,,,,
Tigris,4.02,Deluxe,Tiger,5100,1275,Weapon Skins,Spectre,0,0,,,,
Tigris,4.02,Deluxe,Tiger,5100,1275,Weapon Skins,Phantom,0,0,,,,
Tigris,4.02,Deluxe,Tiger,5100,1275,Weapon Skins,Operator,0,0,,,,
Tigris,4.02,Deluxe,Tiger,5100,2550,Weapon Skins,Melee,0,0,,,,
Tigris,4.02,Deluxe,Tiger,5100,475,Accessories,Gun Buddy,0,0,,,,
Tigris,4.02,Deluxe,Tiger,5100,375,Accessories,Player Card,0,0,,,,
Tigris,4.02,Deluxe,Tiger,5100,325,Accessories,Spray,0,0,,,,
Undercity,4.03,Premium,CyberCity,7100,1775,Weapon Skins,Classic,0,0,,,,
Undercity,4.03,Premium,CyberCity,7100,1775,Weapon Skins,Judge,0,0,,,,
Undercity,4.03,Premium,CyberCity,7100,1775,Weapon Skins,Bulldog,0,0,,,,
Undercity,4.03,Premium,CyberCity,7100,1775,Weapon Skins,Phantom,0,0,,,,
Undercity,4.03,Premium,CyberCity,7100,3550,Weapon Skins,Melee,2,0,,,,
Undercity,4.03,Premium,CyberCity,7100,375,,Player Card,0,0,,,,
Gaia's Vengeance,4.04,Premium,Ashen,7100,1775,Weapon Skins,Ghost,4,3,,,,
Gaia's Vengeance,4.04,Premium,Ashen,7100,1775,Weapon Skins,Guardian,4,3,,,,
Gaia's Vengeance,4.04,Premium,Ashen,7100,1775,Weapon Skins,Vandal,4,3,,,,
Gaia's Vengeance,4.04,Premium,Ashen,7100,1775,Weapon Skins,Marshal,4,3,,,,
Gaia's Vengeance,4.04,Premium,Ashen,7100,3550,Weapon Skins,Melee,2,3,,,,
Gaia's Vengeance,4.04,Premium,Ashen,7100,475,Accessories,Gun Buddy,0,0,,,,
Gaia's Vengeance,4.04,Premium,Ashen,7100,375,Accessories,Player Card,0,0,,,,
Gaia's Vengeance,4.04,Premium,Ashen,7100,325,Accessories,Spray,0,0,,,,
Endeavour,4.05,Select,Astronaut,2930,875,Weapon Skins,Ghost,0,0,,,,
Endeavour,4.05,Select,Astronaut,2930,875,Weapon Skins,Bulldog,0,0,,,,
Endeavour,4.05,Select,Astronaut,2930,875,Weapon Skins,Vandal,0,0,,,,
Endeavour,4.05,Select,Astronaut,2930,875,Weapon Skins,Operator,0,0,,,,
Endeavour,4.05,Select,Astronaut,2930,875,Weapon Skins,Ares,0,0,,,,
Doodle Buds,4.07,Premium,DoodleBuds,6992,1775,Weapon Skins,Shorty,2,2,,,,
Doodle Buds,4.07,Premium,DoodleBuds,6992,1775,Weapon Skins,Stinger,2,2,,,,
Doodle Buds,4.07,Premium,DoodleBuds,6992,1775,Weapon Skins,Phantom,2,2,,,,
Doodle Buds,4.07,Premium,DoodleBuds,6992,1775,Weapon Skins,Marshal,2,2,,,,
Doodle Buds,4.07,Premium,DoodleBuds,6992,1775,Weapon Skins,Ares,2,2,,,,
Doodle Buds,4.07,Premium,DoodleBuds,6992,375,Accessories,Player Card,0,0,,,,
Doodle Buds,4.07,Premium,DoodleBuds,6992,375,Accessories,Player Card,0,0,,,,
Doodle Buds,4.07,Premium,DoodleBuds,6992,375,Accessories,Player Card,0,0,,,,
Doodle Buds,4.07,Premium,DoodleBuds,6992,325,Accessories,Spray,0,0,,,,
Doodle Buds,4.07,Premium,DoodleBuds,6992,325,Accessories,Spray,0,0,,,,
Doodle Buds,4.07,Premium,DoodleBuds,6992,325,Accessories,Spray,0,0,,,,
RGX 11z Pro,4.08,Exclusive,Afterglow,8700,2175,Weapon Skins,Classic,5,3,,,,
RGX 11z Pro,4.08,Exclusive,Afterglow,8700,2175,Weapon Skins,Spectre,5,3,,,,
RGX 11z Pro,4.08,Exclusive,Afterglow,8700,2175,Weapon Skins,Phantom,5,3,,,,
RGX 11z Pro,4.08,Exclusive,Afterglow,8700,2175,Weapon Skins,Operator,5,3,,,,
RGX 11z Pro,4.08,Exclusive,Afterglow,8700,4350,Weapon Skins,Melee,2,3,,,,
RGX 11z Pro,4.08,Exclusive,Afterglow,8700,475,Accessories,Gun Buddy,0,0,,,,
RGX 11z Pro,4.08,Exclusive,Afterglow,8700,375,Accessories,Player Card,0,0,,,,
RGX 11z Pro,4.08,Exclusive,Afterglow,8700,325,Accessories,Spray,0,0,,,,
Titanmail,4.09,Deluxe,Spikes,5100,1275,Weapon Skins,Frenzy,0,0,,,,
Titanmail,4.09,Deluxe,Spikes,5100,1275,Weapon Skins,Bucky,0,0,,,,
Titanmail,4.09,Deluxe,Spikes,5100,1275,Weapon Skins,Vandal,0,0,,,,
Titanmail,4.09,Deluxe,Spikes,5100,1275,Weapon Skins,Ares,0,0,,,,
Titanmail,4.09,Deluxe,Spikes,5100,2550,Weapon Skins,Melee,2,0,,,,
Neptune,4.10,Premium,Aquarium,7100,1775,Weapon Skins,Shorty,3,1,,,,
Neptune,4.10,Premium,Aquarium,7100,1775,Weapon Skins,Spectre,3,1,,,,
Neptune,4.10,Premium,Aquarium,7100,1775,Weapon Skins,Guardian,3,1,,,,
Neptune,4.10,Premium,Aquarium,7100,1775,Weapon Skins,Vandal,3,1,,,,
Neptune,4.10,Premium,Aquarium,7100,1775,Weapon Skins,Melee,2,0,,,,
Neptune,4.10,Premium,Aquarium,7100,475,Accessories,Gun Buddy,0,0,,,,
Xenohunter,4.11,Premium,Alien,7100,1775,Weapon Skins,Frenzy,2,0,,,,
Xenohunter,4.11,Premium,Alien,7100,1775,Weapon Skins,Bucky,2,0,,,,
Xenohunter,4.11,Premium,Alien,7100,1775,Weapon Skins,Phantom,2,0,,,,
Xenohunter,4.11,Premium,Alien,7100,1775,Weapon Skins,Odin,2,0,,,,
Xenohunter,4.11,Premium,Alien,7100,3550,Weapon Skins,Melee,2,0,,,,
Prelude to Chaos,5.0,Exclusive,DemonStone,8700,2175,Weapon Skins,Shorty,4,3,,,,
Prelude to Chaos,5.0,Exclusive,DemonStone,8700,2175,Weapon Skins,Stinger,4,3,,,,
Prelude to Chaos,5.0,Exclusive,DemonStone,8700,2175,Weapon Skins,Vandal,4,3,,,,
Prelude to Chaos,5.0,Exclusive,DemonStone,8700,2175,Weapon Skins,Operator,4,3,,,,
Prelude to Chaos,5.0,Exclusive,DemonStone,8700,4350,Weapon Skins,Melee,2,3,,,,
Prelude to Chaos,5.0,Exclusive,DemonStone,8700,475,Accessories,Gun Buddy,0,0,,,,
Prelude to Chaos,5.0,Exclusive,DemonStone,8700,325,Accessories,Spray,0,0,,,,
Sarmad,5.0,Deluxe,Egypt,5100,1275,Weapon Skins,Frenzy,0,0,,,,
Sarmad,5.0,Deluxe,Egypt,5100,1275,Weapon Skins,Spectre,0,0,,,,
Sarmad,5.0,Deluxe,Egypt,5100,1275,Weapon Skins,Phantom,0,0,,,,
Sarmad,5.0,Deluxe,Egypt,5100,1275,Weapon Skins,Vandal,0,0,,,,
Sarmad,5.0,Deluxe,Egypt,5100,2550,Weapon Skins,Melee,2,0,,,,
Reaver,5.03,Premium,Soulstealer,7100,1775,Weapon Skins,Ghost,4,3,,,,
Reaver,5.03,Premium,Soulstealer,7100,1775,Weapon Skins,Spectre,4,3,,,,
Reaver,5.03,Premium,Soulstealer,7100,1775,Weapon Skins,Phantom,4,3,,,,
Reaver,5.03,Premium,Soulstealer,7100,1775,Weapon Skins,Odin,4,3,,,,
Reaver,5.03,Premium,Soulstealer,7100,3550,Weapon Skins,Melee,2,3,,,,
Reaver,5.03,Premium,Soulstealer,7100,475,Accessories,Gun Buddy,0,0,,,,
Reaver,5.03,Premium,Soulstealer,7100,375,Accessories,Player Card,0,0,,,,
Reaver,5.03,Premium,Soulstealer,7100,325,Accessories,Spray,0,0,,,,
Kohaku & Matsuba,5.05,Deluxe,Koi,8700,325,Weapon Skins,Classic,0,1,,,,
Kohaku & Matsuba,5.05,Deluxe,Koi,5100,1275,Weapon Skins,Judge,0,1,,,,
Kohaku & Matsuba,5.05,Deluxe,Koi,5100,1275,Weapon Skins,Phantom,0,1,,,,
Kohaku & Matsuba,5.05,Deluxe,Koi,5100,1275,Weapon Skins,Operator,0,1,,,,
Kohaku & Matsuba,5.05,Deluxe,Koi,5100,2550,Weapon Skins,Melee,2,1,,,,
Kohaku & Matsuba,5.05,Deluxe,Koi,5100,475,Accessories,Gun Buddy,0,0,,,,
Kohaku & Matsuba,5.05,Deluxe,Koi,5100,375,Accessories,Player Card,0,0,,,,
Kohaku & Matsuba,5.05,Deluxe,Koi,5100,325,Accessories,Spray,0,0,,,,
Kohaku & Matsuba,5.05,Deluxe,Koi,5100,325,Accessories,Spray,0,0,,,,
ChronoVoid,5.06,Exclusive,Daedalus,8700,2175,Weapon Skins,Sheriff,4,3,,,,
ChronoVoid,5.06,Exclusive,Daedalus,8700,2175,Weapon Skins,Judge,4,3,,,,
ChronoVoid,5.06,Exclusive,Daedalus,8700,2175,Weapon Skins,Phantom,4,3,,,,
ChronoVoid,5.06,Exclusive,Daedalus,8700,2175,Weapon Skins,Vandal,4,3,,,,
ChronoVoid,5.06,Exclusive,Daedalus,8700,4350,Weapon Skins,Melee,2,3,,,,
ChronoVoid,5.06,Exclusive,Daedalus,8700,475,Accessories,Gun Buddy,0,0,,,,
ChronoVoid,5.06,Exclusive,Daedalus,8700,375,Accessories,Player Card,0,0,,,,
ChronoVoid,5.06,Exclusive,Daedalus,8700,325,Accessories,Spray,0,0,,,,
Crimsonbeast,5.07,Premium,Mythic,7100,1775,Weapon Skins,Sheriff,2,0,,,,
Crimsonbeast,5.07,Premium,Mythic,7100,1775,Weapon Skins,Judge,2,0,,,,
Crimsonbeast,5.07,Premium,Mythic,7100,1775,Weapon Skins,Vandal,2,0,,,,
Crimsonbeast,5.07,Premium,Mythic,7100,1775,Weapon Skins,Marshal,2,0,,,,
Crimsonbeast,5.07,Premium,Mythic,7100,3550,Weapon Skins,Melee,2,0,,,,
Crimsonbeast,5.07,Premium,Mythic,7100,375,Accessories,Player Card,0,0,,,,
Crimsonbeast,5.07,Premium,Mythic,7100,325,Accessories,Spray,0,0,,,,
Ion,5.08,Premium,Oblivion,7100,1775,Weapon Skins,Frenzy,4,3,,,,
Ion,5.08,Premium,Oblivion,7100,1775,Weapon Skins,Spectre,4,3,,,,
Ion,5.08,Premium,Oblivion,7100,1775,Weapon Skins,Vandal,4,3,,,,
Ion,5.08,Premium,Oblivion,7100,1775,Weapon Skins,Ares,4,3,,,,
Ion,5.08,Premium,Oblivion,7100,3550,Weapon Skins,Melee,2,3,,,,
Ion,5.08,Premium,Oblivion,7100,475,Accessories,Gun Buddy,0,0,,,,
Ion,5.08,Premium,Oblivion,7100,375,Accessories,Player Card,0,0,,,,
Ion,5.08,Premium,Oblivion,7100,325,Accessories,Spray,0,0,,,,
Soulstrife,5.09,Premium,Haunted,7100,1775,Weapon Skins,Ghost,2,0,,,,
Soulstrife,5.09,Premium,Haunted,7100,1775,Weapon Skins,Spectre,2,0,,,,
Soulstrife,5.09,Premium,Haunted,7100,1775,Weapon Skins,Guardian,2,0,,,,
Soulstrife,5.09,Premium,Haunted,7100,1775,Weapon Skins,Phantom,2,0,,,,
Soulstrife,5.09,Premium,Haunted,7100,3550,Weapon Skins,Melee,2,0,,,,
Soulstrife,5.09,Premium,Haunted,7100,375,Accessories,Player Card,0,0,,,,
Soulstrife,5.09,Premium,Haunted,7100,325,Accessories,Spray,0,0,,,,
Abyssal,5.10,Deluxe,DeepSea,5100,1275,Weapon Skins,Sheriff,0,0,,,,
Abyssal,5.10,Deluxe,DeepSea,5100,1275,Weapon Skins,Spectre,0,0,,,,
Abyssal,5.10,Deluxe,DeepSea,5100,1275,Weapon Skins,Guardian,0,0,,,,
Abyssal,5.10,Deluxe,DeepSea,5100,1275,Weapon Skins,Phantom,0,0,,,,
Abyssal,5.10,Deluxe,DeepSea,5100,2550,Weapon Skins,Melee,0,0,,,,
Cryostasis,5.12,Premium,Permafrost,7100,1775,Weapon Skins,Classic,3,0,,,,
Cryostasis,5.12,Premium,Permafrost,7100,1775,Weapon Skins,Bulldog,3,0,,,,
Cryostasis,5.12,Premium,Permafrost,7100,1775,Weapon Skins,Vandal,3,0,,,,
Cryostasis,5.12,Premium,Permafrost,7100,1775,Weapon Skins,Operator,3,0,,,,
Cryostasis,5.12,Premium,Permafrost,7100,3550,Weapon Skins,Melee,2,0,,,,
Araxys,6.0,Exclusive,Antares,8700,2175,Weapon Skins,Shorty,4,3,,,,
Araxys,6.0,Exclusive,Antares,8700,2175,Weapon Skins,Bulldog,4,3,,,,
Araxys,6.0,Exclusive,Antares,8700,2175,Weapon Skins,Vandal,4,3,,,,
Araxys,6.0,Exclusive,Antares,8700,2175,Weapon Skins,Operator,4,3,,,,
Araxys,6.0,Exclusive,Antares,8700,4350,Weapon Skins,Melee,2,3,,,,
Araxys,6.0,Exclusive,Antares,8700,475,Accessories,Gun Buddy,0,0,,,,
Araxys,6.0,Exclusive,Antares,8700,375,Accessories,Player Card,0,0,,,,
Araxys,6.0,Exclusive,Antares,8700,325,Accessories,Spray,0,0,,,,
Luna,6.01,Deluxe,Rabbit,5100,1275,Weapon Skins,Ghost,0,0,,,,
Luna,6.01,Deluxe,Rabbit,5100,1275,Weapon Skins,Spectre,0,0,,,,
Luna,6.01,Deluxe,Rabbit,5100,1275,Weapon Skins,Vandal,0,0,,,,
Luna,6.01,Deluxe,Rabbit,5100,1275,Weapon Skins,Marshal,0,0,,,,
Luna,6.01,Deluxe,Rabbit,5100,1275,Weapon Skins,Melee,2,0,,,,
Luna,6.01,Deluxe,Rabbit,5100,1275,Accessories,Gun Buddy,0,0,,,,
Luna,6.01,Deluxe,Rabbit,5100,1275,Accessories,Player Card,0,0,,,,
Luna,6.01,Deluxe,Rabbit,5100,1275,Accessories,Spray,0,0,,,,
Reverie,6.03,Select,StainedGlass,3500,875,Weapon Skins,Classic,0,0,,,,
Reverie,6.03,Select,StainedGlass,3500,875,Weapon Skins,Guardian,0,0,,,,
Reverie,6.03,Select,StainedGlass,3500,875,Weapon Skins,Phantom,0,0,,,,
Reverie,6.03,Select,StainedGlass,3500,875,Weapon Skins,Marshal,0,0,,,,
Reverie,6.03,Select,StainedGlass,3500,1750,Weapon Skins,Melee,0,0,,,,
Oni,6.04,Premium,Oni,7100,1775,Weapon Skins,Shorty,4,3,,,,
Oni,6.04,Premium,Oni,7100,1775,Weapon Skins,Bucky,4,3,,,,
Oni,6.04,Premium,Oni,7100,1775,Weapon Skins,Guardian,4,3,,,,
Oni,6.04,Premium,Oni,7100,1775,Weapon Skins,Phantom,4,3,,,,
Oni,6.04,Premium,Oni,7100,5350,Weapon Skins,Melee,2,3,,,,
Oni,6.04,Premium,Oni,7100,475,Accessories,Gun Buddy,0,0,,,,
Oni,6.04,Premium,Oni,7100,375,Accessories,Player Card,0,0,,,,
Oni,6.04,Premium,Oni,7100,325,Accessories,Spray,0,0,,,,
Altitude,6.06,Deluxe,Airplane,5100,1275,Weapon Skins,Sheriff,0,0,,,,
Altitude,6.06,Deluxe,Airplane,5100,1275,Weapon Skins,Bucky,0,0,,,,
Altitude,6.06,Deluxe,Airplane,5100,1275,Weapon Skins,Vandal,0,0,,,,
Altitude,6.06,Deluxe,Airplane,5100,1275,Weapon Skins,Odin,0,0,,,,
Altitude,6.06,Deluxe,Airplane,5100,2550,Weapon Skins,Melee,0,0,,,,
Altitude,6.06,Deluxe,Airplane,5100,475,Accessories,Gun Buddy,0,0,,,,
Black.Market,6.07,Premium,Infantry2,7100,1775,Weapon Skins,Classic,2,0,,,,
Black.Market,6.07,Premium,Infantry2,7100,1775,Weapon Skins,Bulldog,2,0,,,,
Black.Market,6.07,Premium,Infantry2,7100,1775,Weapon Skins,Vandal,2,0,,,,
Black.Market,6.07,Premium,Infantry2,7100,1775,Weapon Skins,Marshal,2,0,,,,
Black.Market,6.07,Premium,Infantry2,7100,3550,Weapon Skins,Melee,2,0,,,,
Radiant Entertainment,6.08,Ultra,Arcade,11900,2975,Weapon Skins,Ghost,4,2,,,,
Radiant Entertainment,6.08,Ultra,Arcade,11900,2975,Weapon Skins,Bulldog,4,2,,,,
Radiant Entertainment,6.08,Ultra,Arcade,11900,2975,Weapon Skins,Phantom,4,2,,,,
Radiant Entertainment,6.08,Ultra,Arcade,11900,2975,Weapon Skins,Operator,4,2,,,,
Radiant Entertainment,6.08,Ultra,Arcade,11900,5950,Weapon Skins,Melee,2,2,,,,
Radiant Entertainment,6.08,Ultra,Arcade,11900,475,Accessories,Gun Buddy,0,0,,,,
Radiant Entertainment,6.08,Ultra,Arcade,11900,475,Accessories,Gun Buddy,0,0,,,,
Radiant Entertainment,6.08,Ultra,Arcade,11900,475,Accessories,Gun Buddy,0,0,,,,
Radiant Entertainment,6.08,Ultra,Arcade,11900,375,Accessories,Player Card,0,0,,,,
Radiant Entertainment,6.08,Ultra,Arcade,11900,375,Accessories,Player Card,0,0,,,,
Radiant Entertainment,6.08,Ultra,Arcade,11900,375,Accessories,Player Card,0,0,,,,
Radiant Entertainment,6.08,Ultra,Arcade,11900,325,Accessories,Spray,0,0,,,,
Radiant Entertainment,6.08,Ultra,Arcade,11900,325,Accessories,Spray,0,0,,,,
Radiant Entertainment,6.08,Ultra,Arcade,11900,325,Accessories,Spray,0,0,,,,
Magepunk,6.10,Premium,Magepunk,6127,1775,Weapon Skins,Phantom,4,3,,,,
Magepunk,6.10,Premium,Magepunk,6127,1775,Weapon Skins,Vandal,4,3,,,,
Magepunk,6.10,Premium,Magepunk,6127,4350,Weapon Skins,Melee,2,3,,,,
Magepunk,6.10,Premium,Magepunk,6127,475,Accessories,Gun Buddy,0,0,,,,
Magepunk,6.10,Premium,Magepunk,6127,375,Accessories,Player Card,0,0,,,,
NO LIMITS,6.11,Deluxe,Tokyo,5100,1275,Weapon Skins,Ghost,0,0,,,,
NO LIMITS,6.11,Deluxe,Tokyo,5100,1275,Weapon Skins,Spectre,0,0,,,,
NO LIMITS,6.11,Deluxe,Tokyo,5100,1275,Weapon Skins,Bulldog,0,0,,,,
NO LIMITS,6.11,Deluxe,Tokyo,5100,1275,Weapon Skins,Vandal,0,0,,,,
NO LIMITS,6.11,Deluxe,Tokyo,5100,2550,Weapon Skins,Melee,0,0,,,,
NO LIMITS,6.11,Deluxe,Tokyo,5100,475,Accessories,Gun Buddy,0,0,,,,
NO LIMITS,6.11,Deluxe,Tokyo,5100,375,Accessories,Player Card,0,0,,,,
Neo Frontier,7.0,Exclusive,Gunslinger,8700,2175,Weapon Skins,Sheriff,4,3,,,,
Neo Frontier,7.0,Exclusive,Gunslinger,8700,2175,Weapon Skins,Phantom,4,3,,,,
Neo Frontier,7.0,Exclusive,Gunslinger,8700,2175,Weapon Skins,Odin,4,3,,,,
Neo Frontier,7.0,Exclusive,Gunslinger,8700,2175,Weapon Skins,Marshal,4,3,,,,
Neo Frontier,7.0,Exclusive,Gunslinger,8700,4350,Weapon Skins,Melee,2,3,,,,
Neo Frontier,7.0,Exclusive,Gunslinger,8700,475,Accessories,Gun Buddy,0,0,,,,
Neo Frontier,7.0,Exclusive,Gunslinger,8700,375,Accessories,Player Card,0,0,,,,
Neo Frontier,7.0,Exclusive,Gunslinger,8700,375,Accessories,Player Card,0,0,,,,
Neo Frontier,7.0,Exclusive,Gunslinger,8700,325,Accessories,Spray,0,0,,,,
Ignite,7.01,Exclusive,CNWelcome,4710,4350,Weapon Skins,Melee,2,1,,,,
Ignite,7.01,Exclusive,CNWelcome,4710,375,Accessories,Player Card,0,0,,,,
Ignite,7.01,Exclusive,CNWelcome,4710,375,Accessories,Player Card,0,0,,,,
Ignite,7.01,Exclusive,CNWelcome,4710,200,Accessories,Player Title,0,0,,,,
Ignite,7.01,Exclusive,CNWelcome,4710,200,Accessories,Player Title,0,0,,,,
Ignite,7.01,Exclusive,CNWelcome,4710,325,Accessories,Spray,0,0,,,,
Ignite,7.01,Exclusive,CNWelcome,4710,325,Accessories,Spray,0,0,,,,
Daydreams,7.03,Select,Lofi,3500,875,Weapon Skins,Classic,0,0,,,,
Daydreams,7.03,Select,Lofi,3500,875,Weapon Skins,Judge,0,0,,,,
Daydreams,7.03,Select,Lofi,3500,875,Weapon Skins,Phantom,0,0,,,,
Daydreams,7.03,Select,Lofi,3500,875,Weapon Skins,Operator,0,0,,,,
Daydreams,7.03,Select,Lofi,3500,875,Weapon Skins,Melee,0,0,,,,
Daydreams,7.03,Select,Lofi,3500,1750,Accessories,Gun Buddy,0,0,,,,
Imperium,7.04,Exclusive,Dynasty,8700,2175,Weapon Skins,Sheriff,4,3,,,,
Imperium,7.04,Exclusive,Dynasty,8700,4350,Weapon Skins,Judge,4,3,,,,
Imperium,7.04,Exclusive,Dynasty,8700,475,Weapon Skins,Vandal,4,3,,,,
Imperium,7.04,Exclusive,Dynasty,8700,375,Weapon Skins,Operator,4,3,,,,
Imperium,7.04,Exclusive,Dynasty,8700,325,Weapon Skins,Melee,2,3,,,,
Imperium,7.04,Exclusive,Dynasty,8700,475,Accessories,Gun Buddy,0,0,,,,
Imperium,7.04,Exclusive,Dynasty,8700,375,Accessories,Player Card,0,0,,,,
Imperium,7.04,Exclusive,Dynasty,8700,325,Accessories,Spray,0,0,,,,
Intergrade,7.06,Select,Angler,3500,875,Weapon Skins,Classic,0,0,,,,
Intergrade,7.06,Select,Angler,3500,875,Weapon Skins,Spectre,0,0,,,,
Intergrade,7.06,Select,Angler,3500,875,Weapon Skins,Guardian,0,0,,,,
Intergrade,7.06,Select,Angler,3500,875,Weapon Skins,Operator,0,0,,,,
Intergrade,7.06,Select,Angler,3500,875,Weapon Skins,Melee,0,0,,,,
Gaia's Vengeance,7.07,Premium,Ashen,7100,1775,Weapon Skins,Shorty,4,3,,,,
Gaia's Vengeance,7.07,Premium,Ashen,7100,1775,Weapon Skins,Bucky,4,3,,,,
Gaia's Vengeance,7.07,Premium,Ashen,7100,1775,Weapon Skins,Phantom,4,3,,,,
Gaia's Vengeance,7.07,Premium,Ashen,7100,1775,Weapon Skins,Ares,4,3,,,,
Gaia's Vengeance,7.07,Premium,Ashen,7100,3550,Weapon Skins,Melee,2,3,,,,
Gaia's Vengeance,7.07,Premium,Ashen,7100,475,Accessories,Gun Buddy,0,0,,,,
Gaia's Vengeance,7.07,Premium,Ashen,7100,375,Accessories,Player Card,0,0,,,,
Gaia's Vengeance,7.07,Premium,Ashen,7100,325,Accessories,Spray,0,0,,,,
Orion,7.08,Deluxe,RoboMecha,5100,1275,Weapon Skins,Frenzy,0,0,,,,
Orion,7.08,Deluxe,RoboMecha,5100,1275,Weapon Skins,Phantom,0,0,,,,
Orion,7.08,Deluxe,RoboMecha,5100,1275,Weapon Skins,Vandal,0,0,,,,
Orion,7.08,Deluxe,RoboMecha,5100,1275,Weapon Skins,Odin,0,0,,,,
Orion,7.08,Deluxe,RoboMecha,5100,2550,Weapon Skins,Melee,0,0,,,,
Valiant Hero,7.09,Premium,MonkeyKing,7100,1775,Weapon Skins,Ghost,4,3,,,,
Valiant Hero,7.09,Premium,MonkeyKing,7100,1775,Weapon Skins,Vandal,4,3,,,,
Valiant Hero,7.09,Premium,MonkeyKing,7100,1775,Weapon Skins,Operator,4,3,,,,
Valiant Hero,7.09,Premium,MonkeyKing,7100,1775,Weapon Skins,Ares,4,3,,,,
Valiant Hero,7.09,Premium,MonkeyKing,7100,4350,Weapon Skins,Melee,2,3,,,,
Valiant Hero,7.09,Premium,MonkeyKing,7100,475,Accessories,Gun Buddy,0,0,,,,
Valiant Hero,7.09,Premium,MonkeyKing,7100,375,Accessories,Player Card,0,0,,,,
Valiant Hero,7.09,Premium,MonkeyKing,7100,325,Accessories,Spray,0,0,,,,
Chromedek,7.10,Deluxe,Engine,5100,1275,Weapon Skins,Shorty,0,0,,,,
Chromedek,7.10,Deluxe,Engine,5100,1275,Weapon Skins,Bulldog,0,0,,,,
Chromedek,7.10,Deluxe,Engine,5100,1275,Weapon Skins,Phantom,0,0,,,,
Chromedek,7.10,Deluxe,Engine,5100,1275,Weapon Skins,Marshal,0,0,,,,
Chromedek,7.10,Deluxe,Engine,5100,2550,Weapon Skins,Melee,0,0,,,,
Sentinels of Light,7.10,Exclusive,Sol,8700,2175,Weapon Skins,Shorty,4,3,,,,
Sentinels of Light,7.10,Exclusive,Sol,8700,2175,Weapon Skins,Spectre,4,3,,,,
Sentinels of Light,7.10,Exclusive,Sol,8700,2175,Weapon Skins,Phantom,4,3,,,,
Sentinels of Light,7.10,Exclusive,Sol,8700,2175,Weapon Skins,Odin,4,3,,,,
Sentinels of Light,7.10,Exclusive,Sol,8700,4350,Weapon Skins,Melee,2,3,,,,
Sentinels of Light,7.10,Exclusive,Sol,8700,475,Accessories,Gun Buddy,0,0,,,,
Sentinels of Light,7.10,Exclusive,Sol,8700,375,Accessories,Player Card,0,0,,,,
Sentinels of Light,7.10,Exclusive,Sol,8700,325,Accessories,Spray,0,0,,,,
Overdrive,7.12,Exclusive,MotorBike,8700,2175,Weapon Skins,Sheriff,4,3,,,,
Overdrive,7.12,Exclusive,MotorBike,8700,2175,Weapon Skins,Stinger,4,3,,,,
Overdrive,7.12,Exclusive,MotorBike,8700,2175,Weapon Skins,Bucky,4,3,,,,
Overdrive,7.12,Exclusive,MotorBike,8700,2175,Weapon Skins,Vandal,4,3,,,,
Overdrive,7.12,Exclusive,MotorBike,8700,4350,Weapon Skins,Melee,2,3,,,,
Overdrive,7.12,Exclusive,MotorBike,8700,475,Accessories,Gun Buddy,0,0,,,,
Overdrive,7.12,Exclusive,MotorBike,8700,375,Accessories,Player Card,0,0,,,,
Overdrive,7.12,Exclusive,MotorBike,8700,325,Accessories,Spray,0,0,,,,
Prism,8.0,Deluxe,Iridescence,5100,1275,Weapon Skins,Outlaw,0,3,,,,
Ego,8.0,Premium,Unstoppable,-,1775,Weapon Skins,Outlaw,0,3,,,,
Kuronami,8.0,Exclusive,Ninja,9500,2375,Weapon Skins,Sheriff,4,3,,,,
Kuronami,8.0,Exclusive,Ninja,9500,2375,Weapon Skins,Spectre,4,3,,,,
Kuronami,8.0,Exclusive,Ninja,9500,2375,Weapon Skins,Vandal,4,3,,,,
Kuronami,8.0,Exclusive,Ninja,9500,2375,Weapon Skins,Marshal,4,3,,,,
Kuronami,8.0,Exclusive,Ninja,9500,5350,Weapon Skins,Melee,2,3,,,,
Kuronami,8.0,Exclusive,Ninja,9500,475,Accessories,Gun Buddy,0,0,,,,
Kuronami,8.0,Exclusive,Ninja,9500,575,Accessories,Player Card,0,0,,,,
Kuronami,8.0,Exclusive,Ninja,9500,325,Accessories,Spray,0,0,,,,
Emberclad,8.01,Deluxe,DarkKnight,5100,1275,Weapon Skins,Frenzy,0,0,,,,
Emberclad,8.01,Deluxe,DarkKnight,5100,1275,Weapon Skins,Spectre,0,0,,,,
Emberclad,8.01,Deluxe,DarkKnight,5100,1275,Weapon Skins,Bulldog,0,0,,,,
Emberclad,8.01,Deluxe,DarkKnight,5100,1275,Weapon Skins,Phantom,0,0,,,,
Emberclad,8.01,Deluxe,DarkKnight,5100,2550,Weapon Skins,Melee,0,0,,,,
Duo's Day,8.02,-,VDay24,1650,465,Accessories,Gun Buddy,0,0,,,,
Duo's Day,8.02,-,VDay24,1650,375,Accessories,Player Card,0,0,,,,
Duo's Day,8.02,-,VDay24,1650,375,Accessories,Player Card,0,0,,,,
Duo's Day,8.02,-,VDay24,1650,375,Accessories,Player Card,0,0,,,,
Duo's Day,8.02,-,VDay24,1650,200,Accessories,Player Title,0,0,,,,
Duo's Day,8.02,-,VDay24,1650,200,Accessories,Player Title,0,0,,,,
Duo's Day,8.02,-,VDay24,1650,200,Accessories,Player Title,0,0,,,,
Duo's Day,8.02,-,VDay24,1650,325,Accessories,Spray,0,0,,,,
Duo's Day,8.02,-,VDay24,1650,325,Accessories,Spray,0,0,,,,
XERØFANG,8.02,Premium,Hypedragon,6355,1775,Weapon Skins,Ghost,4,3,,,,
XERØFANG,8.02,Premium,Hypedragon,6355,1775,Weapon Skins,Vandal,4,3,,,,
XERØFANG,8.02,Premium,Hypedragon,6355,4350,Weapon Skins,Melee,2,3,,,,
XERØFANG,8.02,Premium,Hypedragon,6355,475,Accessories,Gun Buddy,0,0,,,,
XERØFANG,8.02,Premium,Hypedragon,6355,375,Accessories,Player Card,0,0,,,,
XERØFANG,8.02,Premium,Hypedragon,6355,325,Accessories,Spray,0,0,,,,
MK.VII Liberty,8.03,Deluxe,Assault,5100,1275,Weapon Skins,Judge,0,3,,,,
MK.VII Liberty,8.03,Deluxe,Assault,5100,1275,Weapon Skins,Guardian,0,3,,,,
MK.VII Liberty,8.03,Deluxe,Assault,5100,1275,Weapon Skins,Vandal,0,3,,,,
MK.VII Liberty,8.03,Deluxe,Assault,5100,1275,Weapon Skins,Operator,0,3,,,,
MK.VII Liberty,8.03,Deluxe,Assault,5100,2550,Weapon Skins,Melee,0,3,,,,
Fortune's Hand,8.04,Select,Tarot,3875,875,Weapon Skins,Ghost,0,0,,,,
Fortune's Hand,8.04,Select,Tarot,3875,875,Weapon Skins,Guardian,0,0,,,,
Fortune's Hand,8.04,Select,Tarot,3875,875,Weapon Skins,Phantom,0,0,,,,
Fortune's Hand,8.04,Select,Tarot,3875,875,Weapon Skins,Odin,0,0,,,,
Fortune's Hand,8.04,Select,Tarot,3875,1750,Weapon Skins,Melee,0,0,,,,
Fortune's Hand,8.04,Select,Tarot,3875,375,Accessories,Player Card,0,0,,,,
Fortune's Hand,8.04,Select,Tarot,3875,375,Accessories,Player Card,0,0,,,,
Fortune's Hand,8.04,Select,Tarot,3875,375,Accessories,Player Card,0,0,,,,
Fortune's Hand,8.04,Select,Tarot,3875,375,Accessories,Player Card,0,0,,,,
Fortune's Hand,8.04,Select,Tarot,3875,375,Accessories,Player Card,0,0,,,,
Primordium,8.04,Exclusive,Hellfire,8700,2175,Weapon Skins,Shorty,4,3,,,,
Primordium,8.04,Exclusive,Hellfire,8700,2175,Weapon Skins,Spectre,4,3,,,,
Primordium,8.04,Exclusive,Hellfire,8700,2175,Weapon Skins,Phantom,4,3,,,,
Primordium,8.04,Exclusive,Hellfire,8700,2175,Weapon Skins,Vandal,4,3,,,,
Primordium,8.04,Exclusive,Hellfire,8700,4350,Weapon Skins,Melee,2,3,,,,
Primordium,8.04,Exclusive,Hellfire,8700,475,Accessories,Gun Buddy,0,0,,,,
Primordium,8.04,Exclusive,Hellfire,8700,375,Accessories,Player Card,0,0,,,,
Primordium,8.04,Exclusive,Hellfire,8700,325,Accessories,Spray,0,0,,,,
Sovereign,8.05,Premium,Sovereign,7100,1775,Weapon Skins,Frenzy,4,3,,,,
Sovereign,8.05,Premium,Sovereign,7100,1775,Weapon Skins,Judge,4,3,,,,
Sovereign,8.05,Premium,Sovereign,7100,1775,Weapon Skins,Phantom,4,3,,,,
Sovereign,8.05,Premium,Sovereign,7100,1775,Weapon Skins,Odin,4,3,,,,
Sovereign,8.05,Premium,Sovereign,7100,3550,Weapon Skins,Melee,2,3,,,,
Sovereign,8.05,Premium,Sovereign,7100,475,Accessories,Gun Buddy,0,0,,,,
Sovereign,8.05,Premium,Sovereign,7100,375,Accessories,Player Card,0,0,,,,
Sovereign,8.05,Premium,Sovereign,7100,325,Accessories,Spray,0,0,,,,
Mystbloom,8.08,Exclusive,Spirit,8700,2175,Weapon Skins,Sheriff,4,3,,,,
Mystbloom,8.08,Exclusive,Spirit,8700,2175,Weapon Skins,Judge,4,3,,,,
Mystbloom,8.08,Exclusive,Spirit,8700,2175,Weapon Skins,Phantom,4,3,,,,
Mystbloom,8.08,Exclusive,Spirit,8700,2175,Weapon Skins,Operator,4,3,,,,
Mystbloom,8.08,Exclusive,Spirit,8700,5350,Weapon Skins,Melee,2,3,,,,
Mystbloom,8.08,Exclusive,Spirit,8700,475,Accessories,Gun Buddy,0,0,,,,
Mystbloom,8.08,Exclusive,Spirit,8700,375,Accessories,Player Card,0,0,,,,
Mystbloom,8.08,Exclusive,Spirit,8700,325,Accessories,Spray,0,0,,,,
Aemondir,8.11,Premium,Legion,7100,1775,Weapon Skins,Sheriff,3,3,,,,
Aemondir,8.11,Premium,Legion,7100,1775,Weapon Skins,Bucky,3,3,,,,
Aemondir,8.11,Premium,Legion,7100,1775,Weapon Skins,Bulldog,3,3,,,,
Aemondir,8.11,Premium,Legion,7100,1775,Weapon Skins,Vandal,3,3,,,,
Aemondir,8.11,Premium,Legion,7100,3550,Weapon Skins,Melee,2,3,,,,
Aemondir,8.11,Premium,Legion,7100,475,Accessories,Gun Buddy,0,0,,,,
Aemondir,8.11,Premium,Legion,7100,375,Accessories,Player Card,0,0,,,,
Aemondir,8.11,Premium,Legion,7100,325,Accessories,Spray,0,0,,,,
Evori Dreamwings,9.0,Ultra,StarPower,9900,2475,Weapon Skins,Ghost,4,3,,,,
Evori Dreamwings,9.0,Ultra,StarPower,9900,2475,Weapon Skins,Spectre,4,3,,,,
Evori Dreamwings,9.0,Ultra,StarPower,9900,2475,Weapon Skins,Vandal,4,3,,,,
Evori Dreamwings,9.0,Ultra,StarPower,9900,2475,Weapon Skins,Odin,4,3,,,,
Evori Dreamwings,9.0,Ultra,StarPower,9900,4950,Weapon Skins,Melee,2,3,,,,
Evori Dreamwings,9.0,Ultra,StarPower,9900,675,Accessories,Gun Buddy,0,0,,,,
Evori Dreamwings,9.0,Ultra,StarPower,9900,575,Accessories,Player Card,0,0,,,,
Evori Dreamwings,9.0,Ultra,StarPower,9900,575,Accessories,Player Card,0,0,,,,
Evori Dreamwings,9.0,Ultra,StarPower,9900,575,Accessories,Player Card,0,0,,,,
Evori Dreamwings,9.0,Ultra,StarPower,9900,575,Accessories,Player Card,0,0,,,,
Evori Dreamwings,9.0,Ultra,StarPower,9900,575,Accessories,Player Card,0,0,,,,
Evori Dreamwings,9.0,Ultra,StarPower,9900,200,Accessories,Player Title,0,0,,,,
Evori Dreamwings,9.0,Ultra,StarPower,9900,200,Accessories,Player Title,0,0,,,,
Evori Dreamwings,9.0,Ultra,StarPower,9900,200,Accessories,Player Title,0,0,,,,
Evori Dreamwings,9.0,Ultra,StarPower,9900,200,Accessories,Player Title,0,0,,,,
Evori Dreamwings,9.0,Ultra,StarPower,9900,200,Accessories,Player Title,0,0,,,,
RGX 11z Pro,9.01,Exclusive,Afterglow,6700,2175,Weapon Skins,Sheriff,5,3,,,,
RGX 11z Pro,9.01,Exclusive,Afterglow,6700,2175,Weapon Skins,Outlaw,5,3,,,,
RGX 11z Pro,9.01,Exclusive,Afterglow,6700,4350,Weapon Skins,Melee,2,3,,,,
RGX 11z Pro,9.01,Exclusive,Afterglow,6700,475,Accessories,Gun Buddy,0,0,,,,
RGX 11z Pro,9.01,Exclusive,Afterglow,6700,375,Accessories,Player Card,0,0,,,,
RGX 11z Pro,9.01,Exclusive,Afterglow,6700,325,Accessories,Spray,0,0,,,,
Wonderstallion,9.03,Select,Unicorn,4440,875,Weapon Skins,Frenzy,0,0,,,,
Wonderstallion,9.03,Select,Unicorn,4440,875,Weapon Skins,Spectre,0,0,,,,
Wonderstallion,9.03,Select,Unicorn,4440,875,Weapon Skins,Guardian,0,0,,,,
Wonderstallion,9.03,Select,Unicorn,4440,875,Weapon Skins,Vandal,0,0,,,,
Wonderstallion,9.03,Select,Unicorn,4440,3550,Weapon Skins,Melee,2,0,,,,
Wonderstallion,9.03,Select,Unicorn,4440,475,Accessories,Gun Buddy,0,0,,,,
Wonderstallion,9.03,Select,Unicorn,4440,375,Accessories,Player Card,0,0,,,,
Wonderstallion,9.03,Select,Unicorn,4440,325,Accessories,Spray,0,0,,,,
Nocturnum,9.04,Exclusive,Coven,8700,2175,Weapon Skins,Classic,4,3,,,,
Nocturnum,9.04,Exclusive,Coven,8700,2175,Weapon Skins,Bulldog,4,3,,,,
Nocturnum,9.04,Exclusive,Coven,8700,2175,Weapon Skins,Phantom,4,3,,,,
Nocturnum,9.04,Exclusive,Coven,8700,2175,Weapon Skins,Marshal,4,3,,,,
Nocturnum,9.04,Exclusive,Coven,8700,4350,Weapon Skins,Melee,2,3,,,,
Nocturnum,9.04,Exclusive,Coven,8700,475,Accessories,Gun Buddy,0,0,,,,
Nocturnum,9.04,Exclusive,Coven,8700,375,Accessories,Player Card,0,0,,,,
Nocturnum,9.04,Exclusive,Coven,8700,325,Accessories,Spray,0,0,,,,
Aperture,9.05,Deluxe,Camera,5100,1275,Weapon Skins,Ghost,0,0,,,,
Aperture,9.05,Deluxe,Camera,5100,1275,Weapon Skins,Bulldog,0,0,,,,
Aperture,9.05,Deluxe,Camera,5100,1275,Weapon Skins,Phantom,0,0,,,,
Aperture,9.05,Deluxe,Camera,5100,1275,Weapon Skins,Outlaw,0,0,,,,
Aperture,9.05,Deluxe,Camera,5100,2550,Weapon Skins,Melee,0,0,,,,
Singularity,9.06,Exclusive,Edge,6700,2175,Weapon Skins,Ghost,4,3,,,,
Singularity,9.06,Exclusive,Edge,6700,2175,Weapon Skins,Vandal,4,3,,,,
Singularity,9.06,Exclusive,Edge,6700,4350,Weapon Skins,Melee,2,3,,,,
Singularity,9.06,Exclusive,Edge,6700,475,Accessories,Gun Buddy,0,0,,,,
Singularity,9.06,Exclusive,Edge,6700,375,Accessories,Player Card,0,0,,,,
Singularity,9.06,Exclusive,Edge,6700,325,Accessories,Spray,0,0,,,,
Troublemaker,9.07,-,Halloween24,1145,675,Accessories,Gun Buddy,0,0,,,,
Troublemaker,9.07,-,Halloween24,1145,575,Accessories,Player Card,0,0,,,,
Troublemaker,9.07,-,Halloween24,1145,200,Accessories,Player Title,0,0,,,,
Troublemaker,9.07,-,Halloween24,1145,325,Accessories,Spray,0,0,,,,
Doombringer,9.08,Exclusive,Cyberknight,8700,2175,Weapon Skins,Sheriff,4,3,,,,
Doombringer,9.08,Exclusive,Cyberknight,8700,2175,Weapon Skins,Judge,4,3,,,,
Doombringer,9.08,Exclusive,Cyberknight,8700,2175,Weapon Skins,Phantom,4,3,,,,
Doombringer,9.08,Exclusive,Cyberknight,8700,2175,Weapon Skins,Odin,4,3,,,,
Doombringer,9.08,Exclusive,Cyberknight,8700,4350,Weapon Skins,Melee,2,3,,,,
Doombringer,9.08,Exclusive,Cyberknight,8700,675,Accessories,Gun Buddy,0,0,,,,
Doombringer,9.08,Exclusive,Cyberknight,8700,375,Accessories,Player Card,0,0,,,,
Doombringer,9.08,Exclusive,Cyberknight,8700,325,Accessories,Spray,0,0,,,,
Arcane,9.09,Exclusive,Macaron,5925,2175,Weapon Skins,Vandal,4,0,,,,
Arcane,9.09,Exclusive,Macaron,5925,4350,Weapon Skins,Melee,2,0,,,,
Arcane,9.09,Exclusive,Macaron,5925,475,Accessories,Gun Buddy,0,0,,,,
Arcane,9.09,Exclusive,Macaron,5925,375,Accessories,Player Card,0,0,,,,
Arcane,9.09,Exclusive,Macaron,5925,325,Accessories,Spray,0,0,,,,
Combat Crafts,9.10,Deluxe,ModelMaker,5100,1275,Weapon Skins,Frenzy,2,0,,,,
Combat Crafts,9.10,Deluxe,ModelMaker,5100,1275,Weapon Skins,Judge,2,0,,,,
Combat Crafts,9.10,Deluxe,ModelMaker,5100,1275,Weapon Skins,Bulldog,2,0,,,,
Combat Crafts,9.10,Deluxe,ModelMaker,5100,1275,Weapon Skins,Phantom,2,0,,,,
Combat Crafts,9.10,Deluxe,ModelMaker,5100,2550,Weapon Skins,Melee,2,0,,,,
Tacti-Force,9.10,-,Tactiman,2920,675,Accessories,Gun Buddy,0,0,,,,
Tacti-Force,9.10,-,Tactiman,2920,675,Accessories,Gun Buddy,0,0,,,,
Tacti-Force,9.10,-,Tactiman,2920,675,Accessories,Gun Buddy,0,0,,,,
Tacti-Force,9.10,-,Tactiman,2920,675,Accessories,Gun Buddy,0,0,,,,
Tacti-Force,9.10,-,Tactiman,2920,675,Accessories,Gun Buddy,0,0,,,,
Tacti-Force,9.10,-,Tactiman,2920,575,Accessories,Player Card,0,0,,,,
Tacti-Force,9.10,-,Tactiman,2920,575,Accessories,Player Card,0,0,,,,
Tacti-Force,9.10,-,Tactiman,2920,575,Accessories,Player Card,0,0,,,,
Tacti-Force,9.10,-,Tactiman,2920,575,Accessories,Player Card,0,0,,,,
Tacti-Force,9.10,-,Tactiman,2920,575,Accessories,Player Card,0,0,,,,
Araxys,9.11,Exclusive,Antares,8700,2175,Weapon Skins,Sheriff,4,3,,,,
Araxys,9.11,Exclusive,Antares,8700,2175,Weapon Skins,Guardian,4,3,,,,
Araxys,9.11,Exclusive,Antares,8700,2175,Weapon Skins,Phantom,4,3,,,,
Araxys,9.11,Exclusive,Antares,8700,2175,Weapon Skins,Outlaw,4,3,,,,
Araxys,9.11,Exclusive,Antares,8700,5350,Weapon Skins,Melee,2,3,,,,
Araxys,9.11,Exclusive,Antares,8700,475,Accessories,Gun Buddy,0,0,,,,
Araxys,9.11,Exclusive,Antares,8700,375,Accessories,Player Card,0,0,,,,
Araxys,9.11,Exclusive,Antares,8700,325,Accessories,Spray,0,0,,,,
EX.O,10.00,Exclusive,Hologram,9500,2375,Weapon Skins,Sheriff,4,3,,,,
EX.O,10.00,Exclusive,Hologram,9500,2375,Weapon Skins,Spectre,4,3,,,,
EX.O,10.00,Exclusive,Hologram,9500,2375,Weapon Skins,Vandal,4,3,,,,
EX.O,10.00,Exclusive,Hologram,9500,2375,Weapon Skins,Outlaw,4,3,,,,
EX.O,10.00,Exclusive,Hologram,9500,5350,Weapon Skins,Melee,2,3,,,,
EX.O,10.00,Exclusive,Hologram,9500,475,Accessories,Gun Buddy,0,0,,,,
EX.O,10.00,Exclusive,Hologram,9500,575,Accessories,Player Card,0,0,,,,
EX.O,10.00,Exclusive,Hologram,9500,325,Accessories,Spray,0,0,,,,
Helix,10.01,Premium,Snake,6940,1775,Weapon Skins,Spectre,4,3,,,,
Helix,10.01,Premium,Snake,6940,1775,Weapon Skins,Phantom,4,3,,,,
Helix,10.01,Premium,Snake,6940,4350,Weapon Skins,Melee,2,3,,,,
Helix,10.01,Premium,Snake,6940,675,Accessories,Gun Buddy,0,0,,,,
Helix,10.01,Premium,Snake,6940,1375,Accessories,Flex,0,0,,,,
Helix,10.01,Premium,Snake,6940,375,Accessories,Player Card,0,0,,,,
Holomoku,8.09,Deluxe,Voyager,5100,1275,Weapon Skins,Frenzy,0,1,,,,
Holomoku,8.09,Deluxe,Voyager,5100,1275,Weapon Skins,Bulldog,0,1,,,,
Holomoku,8.09,Deluxe,Voyager,5100,1275,Weapon Skins,Vandal,0,1,,,,
Holomoku,8.09,Deluxe,Voyager,5100,1275,Weapon Skins,Outlaw,0,1,,,,
Holomoku,8.09,Deluxe,Voyager,5100,2550,Weapon Skins,Melee,0,1,,,,
Holomoku,8.09,Deluxe,Voyager,5100,475,Accessories,Gun Buddy,0,0,,,,
Holomoku,8.09,Deluxe,Voyager,5100,375,Accessories,Player Card,0,0,,,,
Helix,10.01,Premium,Snake,6940,325,Accessories,Spray,0,0,,,,
Neptune,10.03,Premium,Aquarium,7100,1775,Weapon Skins,Classic,3,1,,,,
Neptune,10.03,Premium,Aquarium,7100,1775,Weapon Skins,Bulldog,3,1,,,,
Neptune,10.03,Premium,Aquarium,7100,1775,Weapon Skins,Phantom,3,1,,,,
Neptune,10.03,Premium,Aquarium,7100,1775,Weapon Skins,Odin,3,1,,,,
Neptune,10.03,Premium,Aquarium,7100,3550,Weapon Skins,Melee,2,1,,,,
Neptune,10.03,Premium,Aquarium,7100,475,Accessories,Gun Buddy,0,0,,,,
Neptune,10.03,Premium,Aquarium,7100,375,Accessories,Player Card,0,0,,,,
Neptune,10.03,Premium,Aquarium,7100,325,Accessories,Spray,0,0,,,,
CYRAX,10.04,Exclusive,Syndra,8700,2175,Weapon Skins,Ghost,4,3,,,,
CYRAX,10.04,Exclusive,Syndra,8700,2175,Weapon Skins,Stinger,4,3,,,,
CYRAX,10.04,Exclusive,Syndra,8700,2175,Weapon Skins,Guardian,4,3,,,,
CYRAX,10.04,Exclusive,Syndra,8700,2175,Weapon Skins,Vandal,4,3,,,,
CYRAX,10.04,Exclusive,Syndra,8700,5350,Weapon Skins,Melee,2,3,,,,
CYRAX,10.04,Exclusive,Syndra,8700,475,Accessories,Gun Buddy,0,0,,,,
CYRAX,10.04,Exclusive,Syndra,8700,375,Accessories,Player Card,0,0,,,,
CYRAX,10.04,Exclusive,Syndra,8700,325,Accessories,Spray,0,0,,,,
